date,start_est,away_rest,away_team,home_team,home_rest,arena
22-Oct-19,8:00pm,first_game,New Orleans Pelicans,Toronto Raptors,first_game,Scotiabank Arena
22-Oct-19,10:30pm,first_game,Los Angeles Lakers,Los Angeles Clippers,first_game,Staples Center
23-Oct-19,7:00pm,first_game,Cleveland Cavaliers,Orlando Magic,first_game,Amway Center
23-Oct-19,7:00pm,first_game,Detroit Pistons,Indiana Pacers,first_game,Bankers Life Fieldhouse
23-Oct-19,7:00pm,first_game,Chicago Bulls,Charlotte Hornets,first_game,Spectrum Center
23-Oct-19,7:30pm,first_game,Memphis Grizzlies,Miami Heat,first_game,American Airlines Arena
23-Oct-19,7:30pm,first_game,Minnesota Timberwolves,Brooklyn Nets,first_game,Barclays Center
23-Oct-19,7:30pm,first_game,Boston Celtics,Philadelphia 76ers,first_game,Wells Fargo Center
23-Oct-19,8:30pm,first_game,Washington Wizards,Dallas Mavericks,first_game,American Airlines Center
23-Oct-19,8:30pm,first_game,New York Knicks,San Antonio Spurs,first_game,AT&T Center
23-Oct-19,9:00pm,first_game,Oklahoma City Thunder,Utah Jazz,first_game,Vivint Smart Home Arena
23-Oct-19,10:00pm,first_game,Denver Nuggets,Portland Trail Blazers,first_game,Moda Center
23-Oct-19,10:00pm,first_game,Sacramento Kings,Phoenix Suns,first_game,Talking Stick Resort Arena
24-Oct-19,7:00pm,first_game,Atlanta Hawks,Detroit Pistons,0,Little Caesars Arena
24-Oct-19,8:00pm,first_game,Milwaukee Bucks,Houston Rockets,first_game,Toyota Center
24-Oct-19,10:30pm,1,Los Angeles Clippers,Golden State Warriors,first_game,Chase Center
25-Oct-19,7:00pm,2,Toronto Raptors,Boston Celtics,1,TD Garden
25-Oct-19,7:00pm,1,Minnesota Timberwolves,Charlotte Hornets,1,Spectrum Center
25-Oct-19,7:30pm,1,New York Knicks,Brooklyn Nets,1,Barclays Center
25-Oct-19,8:00pm,1,Washington Wizards,Oklahoma City Thunder,1,Chesapeake Energy Arena
25-Oct-19,8:00pm,1,Dallas Mavericks,New Orleans Pelicans,2,Smoothie King Center
25-Oct-19,8:00pm,1,Chicago Bulls,Memphis Grizzlies,1,FedExForum
25-Oct-19,9:00pm,1,Phoenix Suns,Denver Nuggets,1,Pepsi Center
25-Oct-19,10:00pm,1,Portland Trail Blazers,Sacramento Kings,1,Golden 1 Center
25-Oct-19,10:30pm,1,Utah Jazz,Los Angeles Lakers,2,Staples Center
26-Oct-19,5:00pm,2,Miami Heat,Milwaukee Bucks,1,Fiserv Forum
26-Oct-19,7:00pm,2,Philadelphia 76ers,Detroit Pistons,1,Little Caesars Arena
26-Oct-19,7:30pm,2,Orlando Magic,Atlanta Hawks,1,State Farm Arena
26-Oct-19,7:30pm,0,Boston Celtics,New York Knicks,0,Madison Square Garden
26-Oct-19,8:00pm,0,New Orleans Pelicans,Houston Rockets,1,Toyota Center
26-Oct-19,8:00pm,2,Indiana Pacers,Cleveland Cavaliers,2,Rocket Mortgage FieldHouse
26-Oct-19,8:00pm,0,Toronto Raptors,Chicago Bulls,0,United Center
26-Oct-19,8:30pm,0,Washington Wizards,San Antonio Spurs,2,AT&T Center
26-Oct-19,9:00pm,0,Sacramento Kings,Utah Jazz,0,Vivint Smart Home Arena
26-Oct-19,10:00pm,1,Los Angeles Clippers,Phoenix Suns,0,Talking Stick Resort Arena
27-Oct-19,3:30pm,2,Golden State Warriors,Oklahoma City Thunder,1,Chesapeake Energy Arena
27-Oct-19,6:00pm,1,Brooklyn Nets,Memphis Grizzlies,1,FedExForum
27-Oct-19,7:00pm,0,Miami Heat,Minnesota Timberwolves,1,Target Center
27-Oct-19,7:00pm,1,Portland Trail Blazers,Dallas Mavericks,1,American Airlines Center
27-Oct-19,9:30pm,1,Charlotte Hornets,Los Angeles Lakers,1,Staples Center
28-Oct-19,7:00pm,1,Indiana Pacers,Detroit Pistons,1,Little Caesars Arena
28-Oct-19,7:00pm,1,Chicago Bulls,New York Knicks,1,Madison Square Garden
28-Oct-19,7:30pm,1,Philadelphia 76ers,Atlanta Hawks,1,State Farm Arena
28-Oct-19,7:30pm,1,Orlando Magic,Toronto Raptors,1,Scotiabank Arena
28-Oct-19,8:00pm,0,Golden State Warriors,New Orleans Pelicans,1,Smoothie King Center
28-Oct-19,8:00pm,1,Cleveland Cavaliers,Milwaukee Bucks,1,Fiserv Forum
28-Oct-19,8:00pm,0,Oklahoma City Thunder,Houston Rockets,1,Toyota Center
28-Oct-19,8:30pm,0,Portland Trail Blazers,San Antonio Spurs,1,AT&T Center
28-Oct-19,10:00pm,1,Utah Jazz,Phoenix Suns,1,Talking Stick Resort Arena
28-Oct-19,10:00pm,2,Denver Nuggets,Sacramento Kings,1,Golden 1 Center
28-Oct-19,10:30pm,0,Charlotte Hornets,Los Angeles Clippers,1,Staples Center
29-Oct-19,7:30pm,0,Atlanta Hawks,Miami Heat,1,American Airlines Arena
29-Oct-19,9:00pm,1,Dallas Mavericks,Denver Nuggets,0,Pepsi Center
29-Oct-19,10:30pm,1,Memphis Grizzlies,Los Angeles Lakers,1,Staples Center
30-Oct-19,7:00pm,2,Minnesota Timberwolves,Philadelphia 76ers,1,Wells Fargo Center
30-Oct-19,7:00pm,1,New York Knicks,Orlando Magic,1,Amway Center
30-Oct-19,7:00pm,1,Chicago Bulls,Cleveland Cavaliers,1,Rocket Mortgage FieldHouse
30-Oct-19,7:30pm,1,Detroit Pistons,Toronto Raptors,1,Scotiabank Arena
30-Oct-19,7:30pm,1,Indiana Pacers,Brooklyn Nets,2,Barclays Center
30-Oct-19,7:30pm,1,Milwaukee Bucks,Boston Celtics,3,TD Garden
30-Oct-19,8:00pm,1,Portland Trail Blazers,Oklahoma City Thunder,1,Chesapeake Energy Arena
30-Oct-19,8:00pm,1,Houston Rockets,Washington Wizards,3,Capital One Arena
30-Oct-19,10:00pm,1,Charlotte Hornets,Sacramento Kings,1,Golden 1 Center
30-Oct-19,10:00pm,1,Los Angeles Clippers,Utah Jazz,1,Vivint Smart Home Arena
30-Oct-19,10:30pm,1,Phoenix Suns,Golden State Warriors,1,Chase Center
31-Oct-19,7:00pm,1,Miami Heat,Atlanta Hawks,1,State Farm Arena
31-Oct-19,9:30pm,1,Denver Nuggets,New Orleans Pelicans,2,Smoothie King Center
31-Oct-19,10:30pm,2,San Antonio Spurs,Los Angeles Clippers,0,Staples Center
1-Nov-19,7:00pm,1,Houston Rockets,Brooklyn Nets,1,Barclays Center
1-Nov-19,7:00pm,1,Cleveland Cavaliers,Indiana Pacers,1,Bankers Life Fieldhouse
1-Nov-19,7:00pm,1,Milwaukee Bucks,Orlando Magic,1,Amway Center
1-Nov-19,7:30pm,1,New York Knicks,Boston Celtics,1,TD Garden
1-Nov-19,8:00pm,1,Detroit Pistons,Chicago Bulls,1,United Center
1-Nov-19,9:30pm,2,Los Angeles Lakers,Dallas Mavericks,2,American Airlines Center
1-Nov-19,10:00pm,1,Utah Jazz,Sacramento Kings,1,Golden 1 Center
1-Nov-19,10:30pm,0,San Antonio Spurs,Golden State Warriors,1,Chase Center
2-Nov-19,5:00pm,1,New Orleans Pelicans,Oklahoma City Thunder,2,Chesapeake Energy Arena
2-Nov-19,7:00pm,0,Brooklyn Nets,Detroit Pistons,0,Little Caesars Arena
2-Nov-19,7:00pm,1,Denver Nuggets,Orlando Magic,0,Amway Center
2-Nov-19,8:00pm,2,Phoenix Suns,Memphis Grizzlies,3,FedExForum
2-Nov-19,8:00pm,2,Toronto Raptors,Milwaukee Bucks,0,Fiserv Forum
2-Nov-19,8:00pm,2,Minnesota Timberwolves,Washington Wizards,2,Capital One Arena
2-Nov-19,8:30pm,2,Charlotte Hornets,Golden State Warriors,0,Chase Center
2-Nov-19,10:00pm,2,Philadelphia 76ers,Portland Trail Blazers,2,Moda Center
3-Nov-19,5:00pm,1,Chicago Bulls,Indiana Pacers,1,Bankers Life Fieldhouse
3-Nov-19,6:00pm,1,Houston Rockets,Miami Heat,2,American Airlines Arena
3-Nov-19,6:00pm,1,Sacramento Kings,New York Knicks,1,Madison Square Garden
3-Nov-19,7:00pm,1,Los Angeles Lakers,San Antonio Spurs,1,AT&T Center
3-Nov-19,7:30pm,1,Dallas Mavericks,Cleveland Cavaliers,1,Rocket Mortgage FieldHouse
3-Nov-19,9:00pm,1,Utah Jazz,Los Angeles Clippers,2,Staples Center
4-Nov-19,7:00pm,1,Detroit Pistons,Washington Wizards,1,Capital One Arena
4-Nov-19,7:30pm,1,New Orleans Pelicans,Brooklyn Nets,1,Barclays Center
4-Nov-19,8:00pm,0,Houston Rockets,Memphis Grizzlies,1,FedExForum
4-Nov-19,8:00pm,1,Milwaukee Bucks,Minnesota Timberwolves,1,Target Center
4-Nov-19,9:00pm,1,Philadelphia 76ers,Phoenix Suns,1,Talking Stick Resort Arena
4-Nov-19,10:30pm,1,Portland Trail Blazers,Golden State Warriors,1,Chase Center
5-Nov-19,7:00pm,1,Indiana Pacers,Charlotte Hornets,2,Spectrum Center
5-Nov-19,7:00pm,3,Boston Celtics,Cleveland Cavaliers,1,Rocket Mortgage FieldHouse
5-Nov-19,7:30pm,1,San Antonio Spurs,Atlanta Hawks,4,State Farm Arena
5-Nov-19,8:00pm,1,Los Angeles Lakers,Chicago Bulls,1,United Center
5-Nov-19,8:00pm,2,Orlando Magic,Oklahoma City Thunder,2,Chesapeake Energy Arena
5-Nov-19,9:00pm,1,Miami Heat,Denver Nuggets,2,Pepsi Center
6-Nov-19,7:00pm,2,New York Knicks,Detroit Pistons,1,Little Caesars Arena
6-Nov-19,7:00pm,1,Washington Wizards,Indiana Pacers,0,Bankers Life Fieldhouse
6-Nov-19,7:30pm,0,Chicago Bulls,Atlanta Hawks,0,State Farm Arena
6-Nov-19,7:30pm,1,Golden State Warriors,Houston Rockets,1,Toyota Center
6-Nov-19,7:30pm,2,Sacramento Kings,Toronto Raptors,3,Scotiabank Arena
6-Nov-19,8:00pm,1,Minnesota Timberwolves,Memphis Grizzlies,1,FedExForum
6-Nov-19,8:30pm,0,Orlando Magic,Dallas Mavericks,2,American Airlines Center
6-Nov-19,9:00pm,1,Philadelphia 76ers,Utah Jazz,2,Vivint Smart Home Arena
6-Nov-19,10:00pm,1,Milwaukee Bucks,Los Angeles Clippers,2,Staples Center
7-Nov-19,8:00pm,1,Boston Celtics,Charlotte Hornets,1,Spectrum Center
7-Nov-19,8:30pm,1,Oklahoma City Thunder,San Antonio Spurs,1,AT&T Center
7-Nov-19,9:00pm,1,Miami Heat,Phoenix Suns,2,Talking Stick Resort Arena
7-Nov-19,10:30pm,2,Portland Trail Blazers,Los Angeles Clippers,0,Staples Center
8-Nov-19,7:00pm,1,Detroit Pistons,Indiana Pacers,1,Bankers Life Fieldhouse
8-Nov-19,7:00pm,1,Memphis Grizzlies,Orlando Magic,1,Amway Center
8-Nov-19,7:00pm,2,Cleveland Cavaliers,Washington Wizards,1,Capital One Arena
8-Nov-19,7:30pm,1,Sacramento Kings,Atlanta Hawks,1,State Farm Arena
8-Nov-19,8:00pm,1,Golden State Warriors,Minnesota Timberwolves,1,Target Center
8-Nov-19,8:00pm,1,Toronto Raptors,New Orleans Pelicans,3,Smoothie King Center
8-Nov-19,8:30pm,1,New York Knicks,Dallas Mavericks,1,American Airlines Center
8-Nov-19,9:00pm,1,Philadelphia 76ers,Denver Nuggets,2,Pepsi Center
8-Nov-19,9:00pm,1,Milwaukee Bucks,Utah Jazz,1,Vivint Smart Home Arena
8-Nov-19,10:00pm,3,Brooklyn Nets,Portland Trail Blazers,0,Moda Center
8-Nov-19,10:30pm,0,Miami Heat,Los Angeles Lakers,2,Staples Center
9-Nov-19,5:00pm,1,Boston Celtics,San Antonio Spurs,1,AT&T Center
9-Nov-19,7:00pm,0,New Orleans Pelicans,Charlotte Hornets,1,Spectrum Center
9-Nov-19,8:00pm,2,Houston Rockets,Chicago Bulls,2,United Center
9-Nov-19,8:00pm,0,Dallas Mavericks,Memphis Grizzlies,0,FedExForum
9-Nov-19,8:00pm,0,Golden State Warriors,Oklahoma City Thunder,1,Chesapeake Energy Arena
10-Nov-19,3:30pm,1,Denver Nuggets,Minnesota Timberwolves,1,Target Center
10-Nov-19,6:00pm,1,Indiana Pacers,Orlando Magic,1,Amway Center
10-Nov-19,6:00pm,0,Charlotte Hornets,Philadelphia 76ers,1,Wells Fargo Center
10-Nov-19,7:00pm,1,Milwaukee Bucks,Oklahoma City Thunder,0,Chesapeake Energy Arena
10-Nov-19,7:30pm,1,Cleveland Cavaliers,New York Knicks,1,Madison Square Garden
10-Nov-19,8:00pm,1,Brooklyn Nets,Phoenix Suns,2,Talking Stick Resort Arena
10-Nov-19,9:00pm,1,Atlanta Hawks,Portland Trail Blazers,1,Moda Center
10-Nov-19,9:30pm,1,Toronto Raptors,Los Angeles Lakers,1,Staples Center
11-Nov-19,7:00pm,0,Minnesota Timberwolves,Detroit Pistons,2,Little Caesars Arena
11-Nov-19,7:30pm,1,Dallas Mavericks,Boston Celtics,1,TD Garden
11-Nov-19,8:00pm,1,Houston Rockets,New Orleans Pelicans,1,Smoothie King Center
11-Nov-19,8:30pm,1,Memphis Grizzlies,San Antonio Spurs,1,AT&T Center
11-Nov-19,10:30pm,2,Utah Jazz,Golden State Warriors,1,Chase Center
11-Nov-19,10:30pm,0,Toronto Raptors,Los Angeles Clippers,3,Staples Center
12-Nov-19,7:00pm,1,Oklahoma City Thunder,Indiana Pacers,1,Bankers Life Fieldhouse
12-Nov-19,7:00pm,1,Cleveland Cavaliers,Philadelphia 76ers,1,Wells Fargo Center
12-Nov-19,7:30pm,0,Detroit Pistons,Miami Heat,3,American Airlines Arena
12-Nov-19,8:00pm,1,New York Knicks,Chicago Bulls,2,United Center
12-Nov-19,9:00pm,1,Atlanta Hawks,Denver Nuggets,1,Pepsi Center
12-Nov-19,9:00pm,1,Los Angeles Lakers,Phoenix Suns,1,Talking Stick Resort Arena
12-Nov-19,9:00pm,1,Brooklyn Nets,Utah Jazz,0,Vivint Smart Home Arena
12-Nov-19,10:00pm,1,Portland Trail Blazers,Sacramento Kings,3,Golden 1 Center
13-Nov-19,7:00pm,1,Memphis Grizzlies,Charlotte Hornets,2,Spectrum Center
13-Nov-19,7:00pm,0,Philadelphia 76ers,Orlando Magic,2,Amway Center
13-Nov-19,7:30pm,4,Washington Wizards,Boston Celtics,1,TD Garden
13-Nov-19,7:30pm,1,Los Angeles Clippers,Houston Rockets,1,Toyota Center
13-Nov-19,8:00pm,1,San Antonio Spurs,Minnesota Timberwolves,1,Target Center
13-Nov-19,10:00pm,1,Golden State Warriors,Los Angeles Lakers,0,Staples Center
13-Nov-19,10:00pm,1,Toronto Raptors,Portland Trail Blazers,0,Moda Center
14-Nov-19,6:00pm,1,Miami Heat,Cleveland Cavaliers,1,Rocket Mortgage FieldHouse
14-Nov-19,8:00pm,1,Chicago Bulls,Milwaukee Bucks,3,Fiserv Forum
14-Nov-19,8:00pm,0,Los Angeles Clippers,New Orleans Pelicans,2,Smoothie King Center
14-Nov-19,8:00pm,2,Dallas Mavericks,New York Knicks,1,Madison Square Garden
14-Nov-19,9:00pm,1,Atlanta Hawks,Phoenix Suns,1,Talking Stick Resort Arena
14-Nov-19,10:30pm,1,Brooklyn Nets,Denver Nuggets,1,Pepsi Center
15-Nov-19,7:00pm,2,Detroit Pistons,Charlotte Hornets,1,Spectrum Center
15-Nov-19,7:00pm,1,San Antonio Spurs,Orlando Magic,1,Amway Center
15-Nov-19,8:00pm,2,Indiana Pacers,Houston Rockets,1,Toyota Center
15-Nov-19,8:00pm,2,Utah Jazz,Memphis Grizzlies,1,FedExForum
15-Nov-19,8:00pm,1,Washington Wizards,Minnesota Timberwolves,1,Target Center
15-Nov-19,8:00pm,1,Philadelphia 76ers,Oklahoma City Thunder,2,Chesapeake Energy Arena
15-Nov-19,10:30pm,1,Boston Celtics,Golden State Warriors,1,Chase Center
15-Nov-19,10:30pm,2,Sacramento Kings,Los Angeles Lakers,1,Staples Center
16-Nov-19,6:00pm,1,Brooklyn Nets,Chicago Bulls,1,United Center
16-Nov-19,7:00pm,1,Milwaukee Bucks,Indiana Pacers,0,Bankers Life Fieldhouse
16-Nov-19,7:30pm,0,Charlotte Hornets,New York Knicks,1,Madison Square Garden
16-Nov-19,8:00pm,1,New Orleans Pelicans,Miami Heat,1,American Airlines Arena
16-Nov-19,8:00pm,0,Houston Rockets,Minnesota Timberwolves,0,Target Center
16-Nov-19,8:30pm,2,Toronto Raptors,Dallas Mavericks,1,American Airlines Center
16-Nov-19,8:30pm,2,Portland Trail Blazers,San Antonio Spurs,0,AT&T Center
16-Nov-19,10:30pm,1,Atlanta Hawks,Los Angeles Clippers,1,Staples Center
17-Nov-19,3:00pm,1,Philadelphia 76ers,Cleveland Cavaliers,2,Rocket Mortgage FieldHouse
17-Nov-19,3:30pm,1,Boston Celtics,Sacramento Kings,1,Golden 1 Center
17-Nov-19,6:00pm,2,Denver Nuggets,Memphis Grizzlies,1,FedExForum
17-Nov-19,6:00pm,1,Washington Wizards,Orlando Magic,1,Amway Center
17-Nov-19,7:00pm,1,Golden State Warriors,New Orleans Pelicans,0,Smoothie King Center
17-Nov-19,9:30pm,0,Atlanta Hawks,Los Angeles Lakers,1,Staples Center
18-Nov-19,7:00pm,0,Cleveland Cavaliers,New York Knicks,1,Madison Square Garden
18-Nov-19,7:30pm,1,Indiana Pacers,Brooklyn Nets,1,Barclays Center
18-Nov-19,7:30pm,1,Charlotte Hornets,Toronto Raptors,1,Scotiabank Arena
18-Nov-19,8:00pm,1,Milwaukee Bucks,Chicago Bulls,1,United Center
18-Nov-19,8:00pm,1,Portland Trail Blazers,Houston Rockets,1,Toyota Center
18-Nov-19,8:30pm,1,San Antonio Spurs,Dallas Mavericks,1,American Airlines Center
18-Nov-19,9:00pm,0,Boston Celtics,Phoenix Suns,3,Talking Stick Resort Arena
18-Nov-19,9:00pm,1,Minnesota Timberwolves,Utah Jazz,2,Vivint Smart Home Arena
18-Nov-19,10:30pm,2,Oklahoma City Thunder,Los Angeles Clippers,1,Staples Center
19-Nov-19,8:00pm,1,Golden State Warriors,Memphis Grizzlies,1,FedExForum
19-Nov-19,8:00pm,0,Portland Trail Blazers,New Orleans Pelicans,1,Smoothie King Center
19-Nov-19,10:00pm,0,Phoenix Suns,Sacramento Kings,1,Golden 1 Center
19-Nov-19,10:30pm,0,Oklahoma City Thunder,Los Angeles Lakers,1,Staples Center
20-Nov-19,7:00pm,1,New York Knicks,Philadelphia 76ers,2,Wells Fargo Center
20-Nov-19,7:00pm,1,San Antonio Spurs,Washington Wizards,2,Capital One Arena
20-Nov-19,7:30pm,1,Milwaukee Bucks,Atlanta Hawks,2,State Farm Arena
20-Nov-19,7:30pm,1,Charlotte Hornets,Brooklyn Nets,1,Barclays Center
20-Nov-19,7:30pm,0,Golden State Warriors,Dallas Mavericks,1,American Airlines Center
20-Nov-19,7:30pm,1,Cleveland Cavaliers,Miami Heat,3,American Airlines Arena
20-Nov-19,7:30pm,2,Orlando Magic,Toronto Raptors,1,Scotiabank Arena
20-Nov-19,8:00pm,4,Detroit Pistons,Chicago Bulls,1,United Center
20-Nov-19,8:00pm,1,Utah Jazz,Minnesota Timberwolves,1,Target Center
20-Nov-19,9:00pm,1,Houston Rockets,Denver Nuggets,2,Pepsi Center
20-Nov-19,10:00pm,1,Boston Celtics,Los Angeles Clippers,1,Staples Center
21-Nov-19,8:00pm,1,Portland Trail Blazers,Milwaukee Bucks,0,Fiserv Forum
21-Nov-19,10:30pm,1,New Orleans Pelicans,Phoenix Suns,1,Talking Stick Resort Arena
22-Nov-19,7:00pm,1,Atlanta Hawks,Detroit Pistons,1,Little Caesars Arena
22-Nov-19,7:00pm,1,Charlotte Hornets,Washington Wizards,1,Capital One Arena
22-Nov-19,7:30pm,2,Sacramento Kings,Brooklyn Nets,1,Barclays Center
22-Nov-19,8:00pm,1,Miami Heat,Chicago Bulls,1,United Center
22-Nov-19,8:00pm,2,Los Angeles Lakers,Oklahoma City Thunder,2,Chesapeake Energy Arena
22-Nov-19,8:00pm,1,San Antonio Spurs,Philadelphia 76ers,1,Wells Fargo Center
22-Nov-19,8:30pm,1,Cleveland Cavaliers,Dallas Mavericks,1,American Airlines Center
22-Nov-19,9:00pm,1,Boston Celtics,Denver Nuggets,1,Pepsi Center
22-Nov-19,9:00pm,1,Golden State Warriors,Utah Jazz,1,Vivint Smart Home Arena
22-Nov-19,10:30pm,1,Houston Rockets,Los Angeles Clippers,1,Staples Center
23-Nov-19,5:00pm,1,Phoenix Suns,Minnesota Timberwolves,2,Target Center
23-Nov-19,7:00pm,0,Chicago Bulls,Charlotte Hornets,0,Spectrum Center
23-Nov-19,7:00pm,2,Orlando Magic,Indiana Pacers,4,Bankers Life Fieldhouse
23-Nov-19,7:30pm,2,Toronto Raptors,Atlanta Hawks,0,State Farm Arena
23-Nov-19,7:30pm,0,San Antonio Spurs,New York Knicks,2,Madison Square Garden
23-Nov-19,7:30pm,0,Miami Heat,Philadelphia 76ers,0,Wells Fargo Center
23-Nov-19,8:00pm,1,Portland Trail Blazers,Cleveland Cavaliers,0,Rocket Mortgage FieldHouse
23-Nov-19,8:00pm,0,Los Angeles Lakers,Memphis Grizzlies,3,FedExForum
23-Nov-19,8:30pm,0,Detroit Pistons,Milwaukee Bucks,1,Fiserv Forum
23-Nov-19,9:00pm,1,New Orleans Pelicans,Utah Jazz,0,Vivint Smart Home Arena
24-Nov-19,3:30pm,1,Dallas Mavericks,Houston Rockets,1,Toyota Center
24-Nov-19,6:00pm,1,Brooklyn Nets,New York Knicks,0,Madison Square Garden
24-Nov-19,6:00pm,1,Sacramento Kings,Washington Wizards,1,Capital One Arena
24-Nov-19,8:00pm,0,Phoenix Suns,Denver Nuggets,1,Pepsi Center
24-Nov-19,9:00pm,0,New Orleans Pelicans,Los Angeles Clippers,1,Staples Center
25-Nov-19,7:00pm,0,Brooklyn Nets,Cleveland Cavaliers,1,Rocket Mortgage FieldHouse
25-Nov-19,7:00pm,1,Orlando Magic,Detroit Pistons,1,Little Caesars Arena
25-Nov-19,7:00pm,1,Memphis Grizzlies,Indiana Pacers,1,Bankers Life Fieldhouse
25-Nov-19,7:30pm,1,Minnesota Timberwolves,Atlanta Hawks,1,State Farm Arena
25-Nov-19,7:30pm,0,Sacramento Kings,Boston Celtics,2,TD Garden
25-Nov-19,7:30pm,1,Charlotte Hornets,Miami Heat,1,American Airlines Arena
25-Nov-19,7:30pm,1,Philadelphia 76ers,Toronto Raptors,1,Scotiabank Arena
25-Nov-19,8:00pm,1,Portland Trail Blazers,Chicago Bulls,1,United Center
25-Nov-19,8:00pm,1,Utah Jazz,Milwaukee Bucks,1,Fiserv Forum
25-Nov-19,8:30pm,1,Los Angeles Lakers,San Antonio Spurs,1,AT&T Center
25-Nov-19,10:30pm,2,Oklahoma City Thunder,Golden State Warriors,2,Chase Center
26-Nov-19,8:30pm,1,Los Angeles Clippers,Dallas Mavericks,1,American Airlines Center
26-Nov-19,9:00pm,1,Washington Wizards,Denver Nuggets,1,Pepsi Center
27-Nov-19,7:00pm,1,Brooklyn Nets,Boston Celtics,1,TD Garden
27-Nov-19,7:00pm,1,Detroit Pistons,Charlotte Hornets,1,Spectrum Center
27-Nov-19,7:00pm,1,Orlando Magic,Cleveland Cavaliers,1,Rocket Mortgage FieldHouse
27-Nov-19,7:00pm,1,Utah Jazz,Indiana Pacers,1,Bankers Life Fieldhouse
27-Nov-19,7:00pm,1,Sacramento Kings,Philadelphia 76ers,1,Wells Fargo Center
27-Nov-19,7:30pm,2,New York Knicks,Toronto Raptors,1,Scotiabank Arena
27-Nov-19,8:00pm,1,Miami Heat,Houston Rockets,2,Toyota Center
27-Nov-19,8:00pm,0,Los Angeles Clippers,Memphis Grizzlies,1,FedExForum
27-Nov-19,8:00pm,1,Atlanta Hawks,Milwaukee Bucks,1,Fiserv Forum
27-Nov-19,8:30pm,1,Minnesota Timberwolves,San Antonio Spurs,1,AT&T Center
27-Nov-19,9:00pm,0,Washington Wizards,Phoenix Suns,2,Talking Stick Resort Arena
27-Nov-19,9:30pm,1,Los Angeles Lakers,New Orleans Pelicans,2,Smoothie King Center
27-Nov-19,10:00pm,1,Oklahoma City Thunder,Portland Trail Blazers,1,Moda Center
27-Nov-19,10:30pm,1,Chicago Bulls,Golden State Warriors,1,Chase Center
29-Nov-19,12:00pm,1,Boston Celtics,Brooklyn Nets,1,Barclays Center
29-Nov-19,7:00pm,1,Charlotte Hornets,Detroit Pistons,1,Little Caesars Arena
29-Nov-19,7:00pm,1,Toronto Raptors,Orlando Magic,1,Amway Center
29-Nov-19,7:30pm,1,Milwaukee Bucks,Cleveland Cavaliers,1,Rocket Mortgage FieldHouse
29-Nov-19,7:30pm,1,Philadelphia 76ers,New York Knicks,1,Madison Square Garden
29-Nov-19,8:00pm,1,Atlanta Hawks,Indiana Pacers,1,Bankers Life Fieldhouse
29-Nov-19,8:00pm,1,Utah Jazz,Memphis Grizzlies,1,FedExForum
29-Nov-19,8:00pm,1,Golden State Warriors,Miami Heat,1,American Airlines Arena
29-Nov-19,8:00pm,1,New Orleans Pelicans,Oklahoma City Thunder,1,Chesapeake Energy Arena
29-Nov-19,8:30pm,1,Los Angeles Clippers,San Antonio Spurs,1,AT&T Center
29-Nov-19,9:00pm,2,Dallas Mavericks,Phoenix Suns,1,Talking Stick Resort Arena
29-Nov-19,10:00pm,1,Chicago Bulls,Portland Trail Blazers,1,Moda Center
29-Nov-19,10:30pm,1,Washington Wizards,Los Angeles Lakers,1,Staples Center
30-Nov-19,5:00pm,3,Denver Nuggets,Sacramento Kings,2,Golden 1 Center
30-Nov-19,7:00pm,0,Indiana Pacers,Philadelphia 76ers,0,Wells Fargo Center
30-Nov-19,8:00pm,0,Atlanta Hawks,Houston Rockets,2,Toyota Center
30-Nov-19,8:00pm,0,Charlotte Hornets,Milwaukee Bucks,0,Fiserv Forum
1-Dec-19,3:00pm,1,Miami Heat,Brooklyn Nets,1,Barclays Center
1-Dec-19,3:30pm,1,Memphis Grizzlies,Minnesota Timberwolves,3,Target Center
1-Dec-19,3:30pm,1,Boston Celtics,New York Knicks,1,Madison Square Garden
1-Dec-19,4:00pm,1,Dallas Mavericks,Los Angeles Lakers,1,Staples Center
1-Dec-19,5:00pm,1,San Antonio Spurs,Detroit Pistons,1,Little Caesars Arena
1-Dec-19,5:00pm,1,Oklahoma City Thunder,New Orleans Pelicans,1,Smoothie King Center
1-Dec-19,6:00pm,1,Golden State Warriors,Orlando Magic,1,Amway Center
1-Dec-19,6:00pm,1,Utah Jazz,Toronto Raptors,1,Scotiabank Arena
1-Dec-19,10:30pm,1,Washington Wizards,Los Angeles Clippers,1,Staples Center
2-Dec-19,7:00pm,2,Phoenix Suns,Charlotte Hornets,1,Spectrum Center
2-Dec-19,7:00pm,0,Utah Jazz,Philadelphia 76ers,1,Wells Fargo Center
2-Dec-19,7:30pm,0,Golden State Warriors,Atlanta Hawks,1,State Farm Arena
2-Dec-19,8:00pm,1,Indiana Pacers,Memphis Grizzlies,0,FedExForum
2-Dec-19,8:00pm,0,New York Knicks,Milwaukee Bucks,1,Fiserv Forum
2-Dec-19,10:00pm,2,Chicago Bulls,Sacramento Kings,1,Golden 1 Center
3-Dec-19,7:00pm,1,Detroit Pistons,Cleveland Cavaliers,3,Rocket Mortgage FieldHouse
3-Dec-19,7:00pm,1,Orlando Magic,Washington Wizards,1,Capital One Arena
3-Dec-19,7:30pm,1,Dallas Mavericks,New Orleans Pelicans,1,Smoothie King Center
3-Dec-19,7:30pm,1,Miami Heat,Toronto Raptors,1,Scotiabank Arena
3-Dec-19,8:30pm,2,Houston Rockets,San Antonio Spurs,1,AT&T Center
3-Dec-19,9:00pm,1,Los Angeles Lakers,Denver Nuggets,2,Pepsi Center
3-Dec-19,10:00pm,3,Portland Trail Blazers,Los Angeles Clippers,1,Staples Center
4-Dec-19,7:00pm,1,Golden State Warriors,Charlotte Hornets,1,Spectrum Center
4-Dec-19,7:00pm,1,Milwaukee Bucks,Detroit Pistons,0,Little Caesars Arena
4-Dec-19,7:00pm,1,Phoenix Suns,Orlando Magic,0,Amway Center
4-Dec-19,7:30pm,2,Brooklyn Nets,Atlanta Hawks,1,State Farm Arena
4-Dec-19,7:30pm,0,Miami Heat,Boston Celtics,2,TD Garden
4-Dec-19,8:00pm,1,Memphis Grizzlies,Chicago Bulls,1,United Center
4-Dec-19,8:00pm,1,Indiana Pacers,Oklahoma City Thunder,2,Chesapeake Energy Arena
4-Dec-19,8:30pm,2,Minnesota Timberwolves,Dallas Mavericks,0,American Airlines Center
4-Dec-19,9:00pm,0,Los Angeles Lakers,Utah Jazz,1,Vivint Smart Home Arena
4-Dec-19,10:00pm,1,Sacramento Kings,Portland Trail Blazers,0,Moda Center
5-Dec-19,7:00pm,2,Philadelphia 76ers,Washington Wizards,1,Capital One Arena
5-Dec-19,7:30pm,1,Denver Nuggets,New York Knicks,2,Madison Square Garden
5-Dec-19,7:30pm,1,Houston Rockets,Toronto Raptors,1,Scotiabank Arena
5-Dec-19,8:00pm,0,Phoenix Suns,New Orleans Pelicans,1,Smoothie King Center
6-Dec-19,7:00pm,1,Brooklyn Nets,Charlotte Hornets,1,Spectrum Center
6-Dec-19,7:00pm,1,Orlando Magic,Cleveland Cavaliers,2,Rocket Mortgage FieldHouse
6-Dec-19,7:00pm,1,Indiana Pacers,Detroit Pistons,1,Little Caesars Arena
6-Dec-19,8:00pm,0,Denver Nuggets,Boston Celtics,1,TD Garden
6-Dec-19,8:00pm,1,Golden State Warriors,Chicago Bulls,1,United Center
6-Dec-19,8:00pm,0,Washington Wizards,Miami Heat,1,American Airlines Arena
6-Dec-19,8:00pm,1,Minnesota Timberwolves,Oklahoma City Thunder,1,Chesapeake Energy Arena
6-Dec-19,8:30pm,2,Los Angeles Clippers,Milwaukee Bucks,1,Fiserv Forum
6-Dec-19,8:30pm,1,Sacramento Kings,San Antonio Spurs,2,AT&T Center
6-Dec-19,10:30pm,1,Los Angeles Lakers,Portland Trail Blazers,1,Moda Center
7-Dec-19,2:00pm,1,New Orleans Pelicans,Dallas Mavericks,2,American Airlines Center
7-Dec-19,7:30pm,0,Indiana Pacers,New York Knicks,1,Madison Square Garden
7-Dec-19,7:30pm,0,Cleveland Cavaliers,Philadelphia 76ers,1,Wells Fargo Center
7-Dec-19,8:00pm,1,Phoenix Suns,Houston Rockets,1,Toyota Center
7-Dec-19,10:00pm,2,Memphis Grizzlies,Utah Jazz,2,Vivint Smart Home Arena
8-Dec-19,3:00pm,1,Denver Nuggets,Brooklyn Nets,1,Barclays Center
8-Dec-19,5:00pm,3,Atlanta Hawks,Charlotte Hornets,1,Spectrum Center
8-Dec-19,6:00pm,1,Chicago Bulls,Miami Heat,1,American Airlines Arena
8-Dec-19,6:00pm,2,Toronto Raptors,Philadelphia 76ers,0,Wells Fargo Center
8-Dec-19,6:00pm,1,Los Angeles Clippers,Washington Wizards,1,Capital One Arena
8-Dec-19,7:00pm,1,Sacramento Kings,Dallas Mavericks,0,American Airlines Center
8-Dec-19,9:00pm,1,Oklahoma City Thunder,Portland Trail Blazers,1,Moda Center
8-Dec-19,9:30pm,1,Minnesota Timberwolves,Los Angeles Lakers,1,Staples Center
9-Dec-19,7:00pm,0,Los Angeles Clippers,Indiana Pacers,1,Bankers Life Fieldhouse
9-Dec-19,7:30pm,1,Cleveland Cavaliers,Boston Celtics,2,TD Garden
9-Dec-19,8:00pm,0,Toronto Raptors,Chicago Bulls,0,United Center
9-Dec-19,8:00pm,0,Sacramento Kings,Houston Rockets,1,Toyota Center
9-Dec-19,8:00pm,2,Orlando Magic,Milwaukee Bucks,2,Fiserv Forum
9-Dec-19,8:00pm,2,Detroit Pistons,New Orleans Pelicans,1,Smoothie King Center
9-Dec-19,9:00pm,0,Minnesota Timberwolves,Phoenix Suns,1,Talking Stick Resort Arena
9-Dec-19,9:00pm,0,Oklahoma City Thunder,Utah Jazz,1,Vivint Smart Home Arena
9-Dec-19,10:30pm,1,Memphis Grizzlies,Golden State Warriors,2,Chase Center
10-Dec-19,7:00pm,1,Washington Wizards,Charlotte Hornets,1,Spectrum Center
10-Dec-19,7:00pm,1,Denver Nuggets,Philadelphia 76ers,1,Wells Fargo Center
10-Dec-19,8:00pm,1,Atlanta Hawks,Miami Heat,1,American Airlines Arena
10-Dec-19,10:00pm,2,New York Knicks,Portland Trail Blazers,1,Moda Center
11-Dec-19,7:00pm,1,Houston Rockets,Cleveland Cavaliers,1,Rocket Mortgage FieldHouse
11-Dec-19,7:00pm,1,Boston Celtics,Indiana Pacers,1,Bankers Life Fieldhouse
11-Dec-19,7:00pm,2,Los Angeles Lakers,Orlando Magic,1,Amway Center
11-Dec-19,7:00pm,1,Los Angeles Clippers,Toronto Raptors,1,Scotiabank Arena
11-Dec-19,7:30pm,0,Charlotte Hornets,Brooklyn Nets,2,Barclays Center
11-Dec-19,8:00pm,0,Atlanta Hawks,Chicago Bulls,1,United Center
11-Dec-19,8:00pm,1,Utah Jazz,Minnesota Timberwolves,1,Target Center
11-Dec-19,9:00pm,1,Memphis Grizzlies,Phoenix Suns,1,Talking Stick Resort Arena
11-Dec-19,9:30pm,1,New Orleans Pelicans,Milwaukee Bucks,1,Fiserv Forum
11-Dec-19,10:00pm,1,Oklahoma City Thunder,Sacramento Kings,1,Golden 1 Center
11-Dec-19,10:30pm,0,New York Knicks,Golden State Warriors,1,Chase Center
12-Dec-19,8:00pm,1,Philadelphia 76ers,Boston Celtics,0,TD Garden
12-Dec-19,8:30pm,0,Cleveland Cavaliers,San Antonio Spurs,5,AT&T Center
12-Dec-19,9:00pm,3,Dallas Mavericks,Detroit Pistons,2,"Mexico City, Mexico"
12-Dec-19,10:30pm,1,Portland Trail Blazers,Denver Nuggets,1,Pepsi Center
13-Dec-19,7:00pm,1,Houston Rockets,Orlando Magic,1,Amway Center
13-Dec-19,7:00pm,1,New Orleans Pelicans,Philadelphia 76ers,0,Wells Fargo Center
13-Dec-19,7:30pm,1,Indiana Pacers,Atlanta Hawks,1,State Farm Arena
13-Dec-19,8:00pm,1,Charlotte Hornets,Chicago Bulls,1,United Center
13-Dec-19,8:00pm,1,Milwaukee Bucks,Memphis Grizzlies,1,FedExForum
13-Dec-19,8:00pm,1,Los Angeles Lakers,Miami Heat,2,American Airlines Arena
13-Dec-19,8:00pm,1,Los Angeles Clippers,Minnesota Timberwolves,1,Target Center
13-Dec-19,10:00pm,1,New York Knicks,Sacramento Kings,1,Golden 1 Center
13-Dec-19,10:30pm,1,Golden State Warriors,Utah Jazz,1,Vivint Smart Home Arena
14-Dec-19,5:00pm,1,San Antonio Spurs,Phoenix Suns,2,"Mexico City, Mexico"
14-Dec-19,7:30pm,2,Brooklyn Nets,Toronto Raptors,2,Scotiabank Arena
14-Dec-19,8:00pm,0,Los Angeles Clippers,Chicago Bulls,0,United Center
14-Dec-19,8:00pm,3,Washington Wizards,Memphis Grizzlies,0,FedExForum
14-Dec-19,8:30pm,0,Miami Heat,Dallas Mavericks,1,American Airlines Center
14-Dec-19,8:30pm,1,Cleveland Cavaliers,Milwaukee Bucks,0,Fiserv Forum
14-Dec-19,9:00pm,2,Oklahoma City Thunder,Denver Nuggets,1,Pepsi Center
14-Dec-19,9:00pm,1,Detroit Pistons,Houston Rockets,0,Toyota Center
15-Dec-19,3:30pm,1,Orlando Magic,New Orleans Pelicans,1,Smoothie King Center
15-Dec-19,5:00pm,1,Charlotte Hornets,Indiana Pacers,1,Bankers Life Fieldhouse
15-Dec-19,6:00pm,1,Los Angeles Lakers,Atlanta Hawks,1,State Farm Arena
15-Dec-19,6:00pm,1,Philadelphia 76ers,Brooklyn Nets,0,Barclays Center
15-Dec-19,8:00pm,1,New York Knicks,Denver Nuggets,0,Pepsi Center
15-Dec-19,8:30pm,1,Sacramento Kings,Golden State Warriors,1,Chase Center
16-Dec-19,7:00pm,1,Washington Wizards,Detroit Pistons,1,Little Caesars Arena
16-Dec-19,7:30pm,1,Cleveland Cavaliers,Toronto Raptors,1,Scotiabank Arena
16-Dec-19,8:00pm,1,San Antonio Spurs,Houston Rockets,1,Toyota Center
16-Dec-19,8:00pm,1,Miami Heat,Memphis Grizzlies,1,FedExForum
16-Dec-19,8:00pm,1,Dallas Mavericks,Milwaukee Bucks,1,Fiserv Forum
16-Dec-19,8:00pm,1,Chicago Bulls,Oklahoma City Thunder,1,Chesapeake Energy Arena
16-Dec-19,9:00pm,3,Portland Trail Blazers,Phoenix Suns,1,Talking Stick Resort Arena
17-Dec-19,7:00pm,1,Sacramento Kings,Charlotte Hornets,1,Spectrum Center
17-Dec-19,7:00pm,1,Los Angeles Lakers,Indiana Pacers,1,Bankers Life Fieldhouse
17-Dec-19,7:30pm,1,Atlanta Hawks,New York Knicks,1,Madison Square Garden
17-Dec-19,8:00pm,1,Brooklyn Nets,New Orleans Pelicans,1,Smoothie King Center
17-Dec-19,9:00pm,1,Orlando Magic,Utah Jazz,3,Vivint Smart Home Arena
17-Dec-19,10:30pm,0,Phoenix Suns,Los Angeles Clippers,2,Staples Center
18-Dec-19,7:00pm,0,Charlotte Hornets,Cleveland Cavaliers,1,Rocket Mortgage FieldHouse
18-Dec-19,7:00pm,1,Toronto Raptors,Detroit Pistons,1,Little Caesars Arena
18-Dec-19,7:00pm,1,Chicago Bulls,Washington Wizards,1,Capital One Arena
18-Dec-19,7:30pm,1,Miami Heat,Philadelphia 76ers,2,Wells Fargo Center
18-Dec-19,8:00pm,0,New Orleans Pelicans,Minnesota Timberwolves,4,Target Center
18-Dec-19,8:00pm,1,Memphis Grizzlies,Oklahoma City Thunder,1,Chesapeake Energy Arena
18-Dec-19,8:30pm,5,Boston Celtics,Dallas Mavericks,1,American Airlines Center
18-Dec-19,9:00pm,0,Orlando Magic,Denver Nuggets,2,Pepsi Center
18-Dec-19,10:00pm,2,Golden State Warriors,Portland Trail Blazers,1,Moda Center
19-Dec-19,7:30pm,1,Utah Jazz,Atlanta Hawks,1,State Farm Arena
19-Dec-19,8:00pm,1,Los Angeles Lakers,Milwaukee Bucks,2,Fiserv Forum
19-Dec-19,8:30pm,1,Brooklyn Nets,San Antonio Spurs,2,AT&T Center
19-Dec-19,10:30pm,2,Houston Rockets,Los Angeles Clippers,1,Staples Center
20-Dec-19,7:00pm,1,Memphis Grizzlies,Cleveland Cavaliers,1,Rocket Mortgage FieldHouse
20-Dec-19,7:00pm,2,Sacramento Kings,Indiana Pacers,2,Bankers Life Fieldhouse
20-Dec-19,7:30pm,1,Detroit Pistons,Boston Celtics,1,TD Garden
20-Dec-19,7:30pm,1,Washington Wizards,Toronto Raptors,1,Scotiabank Arena
20-Dec-19,8:00pm,2,New York Knicks,Miami Heat,1,American Airlines Arena
20-Dec-19,8:00pm,2,Phoenix Suns,Oklahoma City Thunder,1,Chesapeake Energy Arena
20-Dec-19,8:00pm,1,Dallas Mavericks,Philadelphia 76ers,1,Wells Fargo Center
20-Dec-19,9:00pm,1,Minnesota Timberwolves,Denver Nuggets,1,Pepsi Center
20-Dec-19,10:00pm,1,Orlando Magic,Portland Trail Blazers,1,Moda Center
20-Dec-19,10:30pm,1,New Orleans Pelicans,Golden State Warriors,1,Chase Center
21-Dec-19,5:00pm,1,Utah Jazz,Charlotte Hornets,2,Spectrum Center
21-Dec-19,6:00pm,1,Atlanta Hawks,Brooklyn Nets,1,Barclays Center
21-Dec-19,7:00pm,2,Chicago Bulls,Detroit Pistons,0,Little Caesars Arena
21-Dec-19,7:00pm,0,Washington Wizards,Philadelphia 76ers,0,Wells Fargo Center
21-Dec-19,7:30pm,1,Milwaukee Bucks,New York Knicks,0,Madison Square Garden
21-Dec-19,8:00pm,0,Sacramento Kings,Memphis Grizzlies,0,FedExForum
21-Dec-19,8:30pm,1,Los Angeles Clippers,San Antonio Spurs,1,AT&T Center
21-Dec-19,9:00pm,1,Houston Rockets,Phoenix Suns,0,Talking Stick Resort Arena
21-Dec-19,10:00pm,0,Minnesota Timberwolves,Portland Trail Blazers,0,Moda Center
22-Dec-19,3:30pm,1,Dallas Mavericks,Toronto Raptors,1,Scotiabank Arena
22-Dec-19,6:00pm,0,Charlotte Hornets,Boston Celtics,1,TD Garden
22-Dec-19,7:00pm,1,Indiana Pacers,Milwaukee Bucks,0,Fiserv Forum
22-Dec-19,7:00pm,0,Los Angeles Clippers,Oklahoma City Thunder,1,Chesapeake Energy Arena
22-Dec-19,9:30pm,1,Denver Nuggets,Los Angeles Lakers,2,Staples Center
23-Dec-19,7:00pm,1,Atlanta Hawks,Cleveland Cavaliers,2,Rocket Mortgage FieldHouse
23-Dec-19,7:00pm,1,Philadelphia 76ers,Detroit Pistons,1,Little Caesars Arena
23-Dec-19,7:00pm,0,Toronto Raptors,Indiana Pacers,0,Bankers Life Fieldhouse
23-Dec-19,7:00pm,1,Washington Wizards,New York Knicks,1,Madison Square Garden
23-Dec-19,7:00pm,1,Chicago Bulls,Orlando Magic,2,Amway Center
23-Dec-19,7:30pm,1,Utah Jazz,Miami Heat,2,American Airlines Arena
23-Dec-19,8:00pm,1,San Antonio Spurs,Memphis Grizzlies,1,FedExForum
23-Dec-19,9:00pm,0,Denver Nuggets,Phoenix Suns,1,Talking Stick Resort Arena
23-Dec-19,10:00pm,2,New Orleans Pelicans,Portland Trail Blazers,1,Moda Center
23-Dec-19,10:00pm,1,Houston Rockets,Sacramento Kings,1,Golden 1 Center
23-Dec-19,10:30pm,1,Minnesota Timberwolves,Golden State Warriors,2,Chase Center
25-Dec-19,12:00pm,2,Boston Celtics,Toronto Raptors,1,Scotiabank Arena
25-Dec-19,2:30pm,2,Milwaukee Bucks,Philadelphia 76ers,1,Wells Fargo Center
25-Dec-19,5:00pm,1,Houston Rockets,Golden State Warriors,1,Chase Center
25-Dec-19,8:00pm,2,Los Angeles Clippers,Los Angeles Lakers,2,Staples Center
25-Dec-19,10:30pm,1,New Orleans Pelicans,Denver Nuggets,1,Pepsi Center
26-Dec-19,7:00pm,2,Washington Wizards,Detroit Pistons,2,Little Caesars Arena
26-Dec-19,8:00pm,2,New York Knicks,Brooklyn Nets,4,Barclays Center
26-Dec-19,8:00pm,2,Memphis Grizzlies,Oklahoma City Thunder,3,Chesapeake Energy Arena
26-Dec-19,8:30pm,2,San Antonio Spurs,Dallas Mavericks,3,American Airlines Center
26-Dec-19,10:00pm,2,Minnesota Timberwolves,Sacramento Kings,2,Golden 1 Center
26-Dec-19,10:30pm,2,Portland Trail Blazers,Utah Jazz,2,Vivint Smart Home Arena
27-Dec-19,4:00pm,3,Cleveland Cavaliers,Boston Celtics,1,TD Garden
27-Dec-19,7:00pm,0,Oklahoma City Thunder,Charlotte Hornets,4,Spectrum Center
27-Dec-19,7:00pm,1,Philadelphia 76ers,Orlando Magic,3,Amway Center
27-Dec-19,7:30pm,1,Milwaukee Bucks,Atlanta Hawks,3,State Farm Arena
27-Dec-19,8:00pm,3,Indiana Pacers,Miami Heat,3,American Airlines Arena
27-Dec-19,10:30pm,3,Phoenix Suns,Golden State Warriors,1,Chase Center
28-Dec-19,5:00pm,1,Memphis Grizzlies,Denver Nuggets,2,Pepsi Center
28-Dec-19,7:00pm,2,Toronto Raptors,Boston Celtics,0,TD Garden
28-Dec-19,7:00pm,0,Indiana Pacers,New Orleans Pelicans,2,Smoothie King Center
28-Dec-19,8:00pm,0,Atlanta Hawks,Chicago Bulls,4,United Center
28-Dec-19,8:00pm,1,Brooklyn Nets,Houston Rockets,2,Toyota Center
28-Dec-19,8:00pm,0,Philadelphia 76ers,Miami Heat,0,American Airlines Arena
28-Dec-19,8:00pm,0,Cleveland Cavaliers,Minnesota Timberwolves,1,Target Center
28-Dec-19,8:00pm,1,New York Knicks,Washington Wizards,1,Capital One Arena
28-Dec-19,8:30pm,1,Dallas Mavericks,Golden State Warriors,0,Chase Center
28-Dec-19,8:30pm,0,Orlando Magic,Milwaukee Bucks,0,Fiserv Forum
28-Dec-19,8:30pm,1,Detroit Pistons,San Antonio Spurs,1,AT&T Center
28-Dec-19,9:00pm,0,Phoenix Suns,Sacramento Kings,1,Golden 1 Center
28-Dec-19,10:00pm,2,Los Angeles Lakers,Portland Trail Blazers,1,Moda Center
28-Dec-19,10:30pm,1,Utah Jazz,Los Angeles Clippers,2,Staples Center
29-Dec-19,6:00pm,1,Oklahoma City Thunder,Toronto Raptors,0,Scotiabank Arena
29-Dec-19,8:00pm,0,Sacramento Kings,Denver Nuggets,0,Pepsi Center
29-Dec-19,8:00pm,1,Charlotte Hornets,Memphis Grizzlies,0,FedExForum
29-Dec-19,8:00pm,0,Houston Rockets,New Orleans Pelicans,0,Smoothie King Center
29-Dec-19,9:30pm,0,Dallas Mavericks,Los Angeles Lakers,0,Staples Center
30-Dec-19,7:00pm,1,Atlanta Hawks,Orlando Magic,1,Amway Center
30-Dec-19,7:00pm,1,Miami Heat,Washington Wizards,1,Capital One Arena
30-Dec-19,8:00pm,1,Milwaukee Bucks,Chicago Bulls,1,United Center
30-Dec-19,8:00pm,1,Brooklyn Nets,Minnesota Timberwolves,1,Target Center
30-Dec-19,9:00pm,1,Detroit Pistons,Utah Jazz,1,Vivint Smart Home Arena
30-Dec-19,10:00pm,1,Phoenix Suns,Portland Trail Blazers,1,Moda Center
31-Dec-19,3:00pm,2,Boston Celtics,Charlotte Hornets,1,Spectrum Center
31-Dec-19,3:00pm,2,Philadelphia 76ers,Indiana Pacers,2,Bankers Life Fieldhouse
31-Dec-19,5:00pm,2,Los Angeles Clippers,Sacramento Kings,1,Golden 1 Center
31-Dec-19,7:00pm,1,Denver Nuggets,Houston Rockets,1,Toyota Center
31-Dec-19,7:00pm,2,Golden State Warriors,San Antonio Spurs,2,AT&T Center
31-Dec-19,7:00pm,2,Cleveland Cavaliers,Toronto Raptors,1,Scotiabank Arena
31-Dec-19,8:00pm,1,Dallas Mavericks,Oklahoma City Thunder,1,Chesapeake Energy Arena
1-Jan-20,6:00pm,1,Orlando Magic,Washington Wizards,1,Capital One Arena
1-Jan-20,7:30pm,1,Portland Trail Blazers,New York Knicks,3,Madison Square Garden
1-Jan-20,8:00pm,1,Minnesota Timberwolves,Milwaukee Bucks,1,Fiserv Forum
1-Jan-20,10:30pm,1,Phoenix Suns,Los Angeles Lakers,2,Staples Center
2-Jan-20,7:00pm,1,Charlotte Hornets,Cleveland Cavaliers,1,Rocket Mortgage FieldHouse
2-Jan-20,7:00pm,1,Denver Nuggets,Indiana Pacers,1,Bankers Life Fieldhouse
2-Jan-20,7:30pm,1,Toronto Raptors,Miami Heat,2,American Airlines Arena
2-Jan-20,8:00pm,2,Utah Jazz,Chicago Bulls,2,United Center
2-Jan-20,8:00pm,1,Golden State Warriors,Minnesota Timberwolves,0,Target Center
2-Jan-20,8:30pm,2,Brooklyn Nets,Dallas Mavericks,1,American Airlines Center
2-Jan-20,8:30pm,1,Oklahoma City Thunder,San Antonio Spurs,1,AT&T Center
2-Jan-20,10:00pm,3,Memphis Grizzlies,Sacramento Kings,1,Golden 1 Center
2-Jan-20,10:30pm,2,Detroit Pistons,Los Angeles Clippers,1,Staples Center
3-Jan-20,7:00pm,3,Atlanta Hawks,Boston Celtics,2,TD Garden
3-Jan-20,7:00pm,0,Miami Heat,Orlando Magic,1,Amway Center
3-Jan-20,7:00pm,1,Portland Trail Blazers,Washington Wizards,1,Capital One Arena
3-Jan-20,8:00pm,2,Philadelphia 76ers,Houston Rockets,2,Toyota Center
3-Jan-20,9:00pm,1,New York Knicks,Phoenix Suns,1,Talking Stick Resort Arena
3-Jan-20,10:30pm,4,New Orleans Pelicans,Los Angeles Lakers,1,Staples Center
4-Jan-20,3:30pm,1,Memphis Grizzlies,Los Angeles Clippers,1,Staples Center
4-Jan-20,6:00pm,1,Toronto Raptors,Brooklyn Nets,1,Barclays Center
4-Jan-20,7:00pm,1,Utah Jazz,Orlando Magic,0,Amway Center
4-Jan-20,7:30pm,1,Indiana Pacers,Atlanta Hawks,0,State Farm Arena
4-Jan-20,7:30pm,1,Oklahoma City Thunder,Cleveland Cavaliers,1,Rocket Mortgage FieldHouse
4-Jan-20,8:00pm,0,Boston Celtics,Chicago Bulls,1,United Center
4-Jan-20,8:00pm,1,Denver Nuggets,Washington Wizards,0,Capital One Arena
4-Jan-20,8:30pm,1,Charlotte Hornets,Dallas Mavericks,1,American Airlines Center
4-Jan-20,8:30pm,1,Detroit Pistons,Golden State Warriors,1,Chase Center
4-Jan-20,8:30pm,1,San Antonio Spurs,Milwaukee Bucks,2,Fiserv Forum
4-Jan-20,10:00pm,0,New Orleans Pelicans,Sacramento Kings,1,Golden 1 Center
5-Jan-20,3:30pm,1,New York Knicks,Los Angeles Clippers,0,Staples Center
5-Jan-20,6:00pm,1,Portland Trail Blazers,Miami Heat,1,American Airlines Arena
5-Jan-20,7:30pm,2,Minnesota Timberwolves,Cleveland Cavaliers,0,Rocket Mortgage FieldHouse
5-Jan-20,8:00pm,0,Memphis Grizzlies,Phoenix Suns,1,Talking Stick Resort Arena
5-Jan-20,10:00pm,0,Detroit Pistons,Los Angeles Lakers,1,Staples Center
6-Jan-20,7:00pm,1,Indiana Pacers,Charlotte Hornets,1,Spectrum Center
6-Jan-20,7:00pm,1,Brooklyn Nets,Orlando Magic,1,Amway Center
6-Jan-20,7:00pm,1,Oklahoma City Thunder,Philadelphia 76ers,2,Wells Fargo Center
6-Jan-20,7:00pm,1,Boston Celtics,Washington Wizards,1,Capital One Arena
6-Jan-20,7:30pm,1,Denver Nuggets,Atlanta Hawks,1,State Farm Arena
6-Jan-20,8:00pm,1,Utah Jazz,New Orleans Pelicans,1,Smoothie King Center
6-Jan-20,8:30pm,1,Chicago Bulls,Dallas Mavericks,1,American Airlines Center
6-Jan-20,8:30pm,1,Milwaukee Bucks,San Antonio Spurs,1,AT&T Center
6-Jan-20,10:00pm,1,Golden State Warriors,Sacramento Kings,1,Golden 1 Center
7-Jan-20,7:00pm,1,Detroit Pistons,Cleveland Cavaliers,1,Rocket Mortgage FieldHouse
7-Jan-20,7:00pm,1,Portland Trail Blazers,Toronto Raptors,2,Scotiabank Arena
7-Jan-20,7:30pm,0,Oklahoma City Thunder,Brooklyn Nets,0,Barclays Center
7-Jan-20,8:00pm,1,Minnesota Timberwolves,Memphis Grizzlies,1,FedExForum
7-Jan-20,9:00pm,0,Sacramento Kings,Phoenix Suns,1,Talking Stick Resort Arena
7-Jan-20,10:30pm,1,New York Knicks,Los Angeles Lakers,1,Staples Center
8-Jan-20,7:00pm,1,San Antonio Spurs,Boston Celtics,1,TD Garden
8-Jan-20,7:00pm,0,Toronto Raptors,Charlotte Hornets,1,Spectrum Center
8-Jan-20,7:00pm,2,Miami Heat,Indiana Pacers,1,Bankers Life Fieldhouse
8-Jan-20,7:00pm,1,Washington Wizards,Orlando Magic,1,Amway Center
8-Jan-20,7:30pm,4,Houston Rockets,Atlanta Hawks,1,State Farm Arena
8-Jan-20,7:30pm,1,Denver Nuggets,Dallas Mavericks,1,American Airlines Center
8-Jan-20,8:00pm,1,Chicago Bulls,New Orleans Pelicans,1,Smoothie King Center
8-Jan-20,9:00pm,0,New York Knicks,Utah Jazz,1,Vivint Smart Home Arena
8-Jan-20,10:00pm,1,Milwaukee Bucks,Golden State Warriors,1,Chase Center
9-Jan-20,7:00pm,1,Cleveland Cavaliers,Detroit Pistons,1,Little Caesars Arena
9-Jan-20,7:00pm,0,Boston Celtics,Philadelphia 76ers,2,Wells Fargo Center
9-Jan-20,8:00pm,1,Portland Trail Blazers,Minnesota Timberwolves,1,Target Center
9-Jan-20,9:30pm,0,Houston Rockets,Oklahoma City Thunder,1,Chesapeake Energy Arena
10-Jan-20,7:00pm,1,Atlanta Hawks,Washington Wizards,1,Capital One Arena
10-Jan-20,7:30pm,1,Miami Heat,Brooklyn Nets,2,Barclays Center
10-Jan-20,8:00pm,1,Indiana Pacers,Chicago Bulls,1,United Center
10-Jan-20,8:00pm,1,San Antonio Spurs,Memphis Grizzlies,2,FedExForum
10-Jan-20,8:00pm,1,New Orleans Pelicans,New York Knicks,1,Madison Square Garden
10-Jan-20,8:30pm,2,Los Angeles Lakers,Dallas Mavericks,1,American Airlines Center
10-Jan-20,9:00pm,1,Orlando Magic,Phoenix Suns,2,Talking Stick Resort Arena
10-Jan-20,9:00pm,1,Charlotte Hornets,Utah Jazz,1,Vivint Smart Home Arena
10-Jan-20,10:00pm,1,Milwaukee Bucks,Sacramento Kings,2,Golden 1 Center
10-Jan-20,10:30pm,1,Golden State Warriors,Los Angeles Clippers,4,Staples Center
11-Jan-20,5:00pm,1,Minnesota Timberwolves,Houston Rockets,1,Toyota Center
11-Jan-20,7:00pm,0,New Orleans Pelicans,Boston Celtics,1,TD Garden
11-Jan-20,7:00pm,0,Chicago Bulls,Detroit Pistons,1,Little Caesars Arena
11-Jan-20,8:00pm,0,Los Angeles Lakers,Oklahoma City Thunder,1,Chesapeake Energy Arena
11-Jan-20,8:30pm,1,Philadelphia 76ers,Dallas Mavericks,0,American Airlines Center
11-Jan-20,9:00pm,1,Cleveland Cavaliers,Denver Nuggets,2,Pepsi Center
11-Jan-20,10:00pm,0,Milwaukee Bucks,Portland Trail Blazers,1,Moda Center
12-Jan-20,3:30pm,1,Miami Heat,New York Knicks,1,Madison Square Garden
12-Jan-20,3:30pm,1,Utah Jazz,Washington Wizards,1,Capital One Arena
12-Jan-20,6:00pm,1,Atlanta Hawks,Brooklyn Nets,1,Barclays Center
12-Jan-20,6:00pm,1,Golden State Warriors,Memphis Grizzlies,1,FedExForum
12-Jan-20,6:00pm,1,San Antonio Spurs,Toronto Raptors,3,Scotiabank Arena
12-Jan-20,8:00pm,1,Los Angeles Clippers,Denver Nuggets,0,Pepsi Center
12-Jan-20,8:00pm,1,Charlotte Hornets,Phoenix Suns,1,Talking Stick Resort Arena
13-Jan-20,7:00pm,1,New Orleans Pelicans,Detroit Pistons,1,Little Caesars Arena
13-Jan-20,7:00pm,1,Philadelphia 76ers,Indiana Pacers,2,Bankers Life Fieldhouse
13-Jan-20,7:30pm,1,Chicago Bulls,Boston Celtics,1,TD Garden
13-Jan-20,8:00pm,1,Oklahoma City Thunder,Minnesota Timberwolves,1,Target Center
13-Jan-20,10:00pm,0,Charlotte Hornets,Portland Trail Blazers,1,Moda Center
13-Jan-20,10:00pm,2,Orlando Magic,Sacramento Kings,2,Golden 1 Center
13-Jan-20,10:30pm,1,Cleveland Cavaliers,Los Angeles Lakers,1,Staples Center
14-Jan-20,7:30pm,1,Phoenix Suns,Atlanta Hawks,1,State Farm Arena
14-Jan-20,7:30pm,1,Utah Jazz,Brooklyn Nets,1,Barclays Center
14-Jan-20,8:00pm,2,Houston Rockets,Memphis Grizzlies,1,FedExForum
14-Jan-20,8:00pm,1,New York Knicks,Milwaukee Bucks,2,Fiserv Forum
14-Jan-20,10:30pm,2,Dallas Mavericks,Golden State Warriors,1,Chase Center
14-Jan-20,10:30pm,0,Cleveland Cavaliers,Los Angeles Clippers,1,Staples Center
15-Jan-20,7:00pm,1,Detroit Pistons,Boston Celtics,1,TD Garden
15-Jan-20,7:00pm,0,Brooklyn Nets,Philadelphia 76ers,1,Wells Fargo Center
15-Jan-20,7:30pm,2,San Antonio Spurs,Miami Heat,2,American Airlines Arena
15-Jan-20,8:00pm,2,Washington Wizards,Chicago Bulls,1,United Center
15-Jan-20,8:00pm,1,Indiana Pacers,Minnesota Timberwolves,1,Target Center
15-Jan-20,8:00pm,2,Toronto Raptors,Oklahoma City Thunder,1,Chesapeake Energy Arena
15-Jan-20,9:00pm,1,Charlotte Hornets,Denver Nuggets,2,Pepsi Center
15-Jan-20,9:30pm,1,Portland Trail Blazers,Houston Rockets,0,Toyota Center
15-Jan-20,10:00pm,0,Dallas Mavericks,Sacramento Kings,1,Golden 1 Center
15-Jan-20,10:30pm,1,Orlando Magic,Los Angeles Lakers,1,Staples Center
16-Jan-20,7:30pm,1,Phoenix Suns,New York Knicks,1,Madison Square Garden
16-Jan-20,8:00pm,0,Boston Celtics,Milwaukee Bucks,1,Fiserv Forum
16-Jan-20,8:00pm,1,Utah Jazz,New Orleans Pelicans,2,Smoothie King Center
16-Jan-20,10:30pm,0,Denver Nuggets,Golden State Warriors,1,Chase Center
16-Jan-20,10:30pm,0,Orlando Magic,Los Angeles Clippers,1,Staples Center
17-Jan-20,7:00pm,1,Minnesota Timberwolves,Indiana Pacers,1,Bankers Life Fieldhouse
17-Jan-20,7:00pm,1,Chicago Bulls,Philadelphia 76ers,1,Wells Fargo Center
17-Jan-20,7:00pm,1,Washington Wizards,Toronto Raptors,1,Scotiabank Arena
17-Jan-20,8:00pm,2,Cleveland Cavaliers,Memphis Grizzlies,2,FedExForum
17-Jan-20,8:00pm,1,Miami Heat,Oklahoma City Thunder,1,Chesapeake Energy Arena
17-Jan-20,8:30pm,2,Atlanta Hawks,San Antonio Spurs,1,AT&T Center
17-Jan-20,9:30pm,1,Portland Trail Blazers,Dallas Mavericks,1,American Airlines Center
18-Jan-20,3:30pm,1,Los Angeles Clippers,New Orleans Pelicans,1,Smoothie King Center
18-Jan-20,6:00pm,1,Milwaukee Bucks,Brooklyn Nets,2,Barclays Center
18-Jan-20,7:00pm,1,Phoenix Suns,Boston Celtics,1,TD Garden
18-Jan-20,7:30pm,2,Detroit Pistons,Atlanta Hawks,0,State Farm Arena
18-Jan-20,7:30pm,0,Philadelphia 76ers,New York Knicks,1,Madison Square Garden
18-Jan-20,8:00pm,0,Cleveland Cavaliers,Chicago Bulls,0,United Center
18-Jan-20,8:00pm,0,Toronto Raptors,Minnesota Timberwolves,0,Target Center
18-Jan-20,8:30pm,1,Orlando Magic,Golden State Warriors,1,Chase Center
18-Jan-20,8:30pm,2,Los Angeles Lakers,Houston Rockets,2,Toyota Center
18-Jan-20,9:00pm,0,Portland Trail Blazers,Oklahoma City Thunder,0,Chesapeake Energy Arena
18-Jan-20,9:00pm,2,Sacramento Kings,Utah Jazz,1,Vivint Smart Home Arena
19-Jan-20,3:00pm,1,Miami Heat,San Antonio Spurs,1,AT&T Center
19-Jan-20,8:00pm,1,Indiana Pacers,Denver Nuggets,2,Pepsi Center
20-Jan-20,2:00pm,1,Detroit Pistons,Washington Wizards,2,Capital One Arena
20-Jan-20,2:30pm,1,Toronto Raptors,Atlanta Hawks,1,State Farm Arena
20-Jan-20,3:00pm,1,Philadelphia 76ers,Brooklyn Nets,1,Barclays Center
20-Jan-20,5:00pm,1,Orlando Magic,Charlotte Hornets,4,Spectrum Center
20-Jan-20,5:00pm,1,New York Knicks,Cleveland Cavaliers,1,Rocket Mortgage FieldHouse
20-Jan-20,5:00pm,1,Oklahoma City Thunder,Houston Rockets,1,Toyota Center
20-Jan-20,5:00pm,1,New Orleans Pelicans,Memphis Grizzlies,2,FedExForum
20-Jan-20,5:00pm,1,Sacramento Kings,Miami Heat,0,American Airlines Arena
20-Jan-20,5:00pm,1,Chicago Bulls,Milwaukee Bucks,1,Fiserv Forum
20-Jan-20,7:30pm,1,Los Angeles Lakers,Boston Celtics,1,TD Garden
20-Jan-20,8:00pm,0,Denver Nuggets,Minnesota Timberwolves,1,Target Center
20-Jan-20,9:00pm,0,San Antonio Spurs,Phoenix Suns,1,Talking Stick Resort Arena
20-Jan-20,9:00pm,0,Indiana Pacers,Utah Jazz,1,Vivint Smart Home Arena
20-Jan-20,10:00pm,1,Golden State Warriors,Portland Trail Blazers,1,Moda Center
21-Jan-20,8:30pm,2,Los Angeles Clippers,Dallas Mavericks,3,American Airlines Center
22-Jan-20,7:00pm,1,Sacramento Kings,Detroit Pistons,1,Little Caesars Arena
22-Jan-20,7:00pm,1,Oklahoma City Thunder,Orlando Magic,1,Amway Center
22-Jan-20,7:30pm,0,Los Angeles Clippers,Atlanta Hawks,1,State Farm Arena
22-Jan-20,7:30pm,1,Memphis Grizzlies,Boston Celtics,1,TD Garden
22-Jan-20,7:30pm,1,Washington Wizards,Miami Heat,1,American Airlines Arena
22-Jan-20,7:30pm,1,Los Angeles Lakers,New York Knicks,1,Madison Square Garden
22-Jan-20,7:30pm,1,Philadelphia 76ers,Toronto Raptors,1,Scotiabank Arena
22-Jan-20,8:00pm,1,Minnesota Timberwolves,Chicago Bulls,1,United Center
22-Jan-20,8:00pm,1,Denver Nuggets,Houston Rockets,1,Toyota Center
22-Jan-20,8:00pm,1,San Antonio Spurs,New Orleans Pelicans,1,Smoothie King Center
22-Jan-20,9:00pm,1,Indiana Pacers,Phoenix Suns,1,Talking Stick Resort Arena
22-Jan-20,10:00pm,1,Utah Jazz,Golden State Warriors,1,Chase Center
23-Jan-20,7:00pm,0,Washington Wizards,Cleveland Cavaliers,2,Rocket Mortgage FieldHouse
23-Jan-20,8:00pm,0,Los Angeles Lakers,Brooklyn Nets,2,Barclays Center
23-Jan-20,10:30pm,1,Dallas Mavericks,Portland Trail Blazers,2,Moda Center
24-Jan-20,3:00pm,3,Milwaukee Bucks,Charlotte Hornets,3,"Paris, France"
24-Jan-20,7:00pm,1,Memphis Grizzlies,Detroit Pistons,1,Little Caesars Arena
24-Jan-20,7:00pm,1,Boston Celtics,Orlando Magic,1,Amway Center
24-Jan-20,7:30pm,1,Toronto Raptors,New York Knicks,1,Madison Square Garden
24-Jan-20,8:00pm,1,Sacramento Kings,Chicago Bulls,1,United Center
24-Jan-20,8:00pm,1,Los Angeles Clippers,Miami Heat,1,American Airlines Arena
24-Jan-20,8:00pm,1,Houston Rockets,Minnesota Timberwolves,1,Target Center
24-Jan-20,8:00pm,1,Denver Nuggets,New Orleans Pelicans,1,Smoothie King Center
24-Jan-20,8:00pm,1,Atlanta Hawks,Oklahoma City Thunder,1,Chesapeake Energy Arena
24-Jan-20,8:30pm,1,Phoenix Suns,San Antonio Spurs,1,AT&T Center
24-Jan-20,10:30pm,1,Indiana Pacers,Golden State Warriors,1,Chase Center
25-Jan-20,5:00pm,1,Dallas Mavericks,Utah Jazz,2,Vivint Smart Home Arena
25-Jan-20,7:00pm,1,Brooklyn Nets,Detroit Pistons,0,Little Caesars Arena
25-Jan-20,8:00pm,0,Chicago Bulls,Cleveland Cavaliers,1,Rocket Mortgage FieldHouse
25-Jan-20,8:00pm,0,Oklahoma City Thunder,Minnesota Timberwolves,0,Target Center
25-Jan-20,8:30pm,1,Los Angeles Lakers,Philadelphia 76ers,2,Wells Fargo Center
26-Jan-20,3:30pm,1,Houston Rockets,Denver Nuggets,1,Pepsi Center
26-Jan-20,4:00pm,1,Toronto Raptors,San Antonio Spurs,1,AT&T Center
26-Jan-20,6:00pm,2,Washington Wizards,Atlanta Hawks,1,State Farm Arena
26-Jan-20,6:00pm,1,Phoenix Suns,Memphis Grizzlies,1,FedExForum
26-Jan-20,6:00pm,1,Boston Celtics,New Orleans Pelicans,1,Smoothie King Center
26-Jan-20,6:00pm,0,Brooklyn Nets,New York Knicks,1,Madison Square Garden
26-Jan-20,6:00pm,1,Los Angeles Clippers,Orlando Magic,1,Amway Center
26-Jan-20,9:00pm,1,Indiana Pacers,Portland Trail Blazers,2,Moda Center
27-Jan-20,7:00pm,1,Cleveland Cavaliers,Detroit Pistons,1,Little Caesars Arena
27-Jan-20,7:30pm,0,Orlando Magic,Miami Heat,2,American Airlines Arena
27-Jan-20,8:00pm,0,San Antonio Spurs,Chicago Bulls,1,United Center
27-Jan-20,8:00pm,2,Sacramento Kings,Minnesota Timberwolves,1,Target Center
27-Jan-20,8:00pm,1,Dallas Mavericks,Oklahoma City Thunder,1,Chesapeake Energy Arena
27-Jan-20,9:00pm,0,Houston Rockets,Utah Jazz,1,Vivint Smart Home Arena
28-Jan-20,7:00pm,1,New York Knicks,Charlotte Hornets,3,Spectrum Center
28-Jan-20,7:30pm,1,New Orleans Pelicans,Cleveland Cavaliers,0,Rocket Mortgage FieldHouse
28-Jan-20,7:30pm,1,Boston Celtics,Miami Heat,0,American Airlines Arena
28-Jan-20,7:30pm,3,Golden State Warriors,Philadelphia 76ers,2,Wells Fargo Center
28-Jan-20,7:30pm,1,Atlanta Hawks,Toronto Raptors,1,Scotiabank Arena
28-Jan-20,8:00pm,1,Denver Nuggets,Memphis Grizzlies,1,FedExForum
28-Jan-20,8:00pm,1,Washington Wizards,Milwaukee Bucks,3,Fiserv Forum
28-Jan-20,8:30pm,1,Phoenix Suns,Dallas Mavericks,0,American Airlines Center
28-Jan-20,10:00pm,1,Los Angeles Clippers,Los Angeles Lakers,2,Staples Center
29-Jan-20,7:00pm,1,Chicago Bulls,Indiana Pacers,2,Bankers Life Fieldhouse
29-Jan-20,7:30pm,1,Detroit Pistons,Brooklyn Nets,2,Barclays Center
29-Jan-20,7:30pm,0,Memphis Grizzlies,New York Knicks,0,Madison Square Garden
29-Jan-20,8:30pm,1,Utah Jazz,San Antonio Spurs,1,AT&T Center
29-Jan-20,10:00pm,1,Houston Rockets,Portland Trail Blazers,2,Moda Center
29-Jan-20,10:00pm,1,Oklahoma City Thunder,Sacramento Kings,1,Golden 1 Center
30-Jan-20,7:00pm,1,Toronto Raptors,Cleveland Cavaliers,1,Rocket Mortgage FieldHouse
30-Jan-20,7:00pm,1,Charlotte Hornets,Washington Wizards,1,Capital One Arena
30-Jan-20,7:30pm,1,Philadelphia 76ers,Atlanta Hawks,1,State Farm Arena
30-Jan-20,8:00pm,1,Golden State Warriors,Boston Celtics,1,TD Garden
30-Jan-20,10:30pm,0,Utah Jazz,Denver Nuggets,1,Pepsi Center
30-Jan-20,10:30pm,0,Sacramento Kings,Los Angeles Clippers,1,Staples Center
31-Jan-20,7:00pm,0,Toronto Raptors,Detroit Pistons,1,Little Caesars Arena
31-Jan-20,7:30pm,1,Chicago Bulls,Brooklyn Nets,1,Barclays Center
31-Jan-20,8:00pm,2,Dallas Mavericks,Houston Rockets,1,Toyota Center
31-Jan-20,8:00pm,1,Memphis Grizzlies,New Orleans Pelicans,2,Smoothie King Center
31-Jan-20,9:00pm,0,Denver Nuggets,Milwaukee Bucks,2,Fiserv Forum
31-Jan-20,9:00pm,1,Oklahoma City Thunder,Phoenix Suns,2,Talking Stick Resort Arena
31-Jan-20,10:30pm,1,Portland Trail Blazers,Los Angeles Lakers,2,Staples Center
1-Feb-20,3:30pm,4,Minnesota Timberwolves,Los Angeles Clippers,1,Staples Center
1-Feb-20,7:00pm,2,New York Knicks,Indiana Pacers,2,Bankers Life Fieldhouse
1-Feb-20,7:00pm,3,Miami Heat,Orlando Magic,4,Amway Center
1-Feb-20,8:00pm,1,Golden State Warriors,Cleveland Cavaliers,1,Rocket Mortgage FieldHouse
1-Feb-20,8:00pm,0,Brooklyn Nets,Washington Wizards,1,Capital One Arena
1-Feb-20,8:30pm,1,Philadelphia 76ers,Boston Celtics,1,TD Garden
1-Feb-20,8:30pm,1,Atlanta Hawks,Dallas Mavericks,0,American Airlines Center
1-Feb-20,9:00pm,1,Charlotte Hornets,San Antonio Spurs,2,AT&T Center
1-Feb-20,10:00pm,1,Utah Jazz,Portland Trail Blazers,0,Moda Center
1-Feb-20,10:00pm,0,Los Angeles Lakers,Sacramento Kings,1,Golden 1 Center
2-Feb-20,12:30pm,1,Denver Nuggets,Detroit Pistons,1,Little Caesars Arena
2-Feb-20,2:00pm,1,New Orleans Pelicans,Houston Rockets,1,Toyota Center
2-Feb-20,2:00pm,1,Phoenix Suns,Milwaukee Bucks,1,Fiserv Forum
2-Feb-20,3:00pm,1,Chicago Bulls,Toronto Raptors,1,Scotiabank Arena
3-Feb-20,7:00pm,1,Orlando Magic,Charlotte Hornets,1,Spectrum Center
3-Feb-20,7:00pm,1,New York Knicks,Cleveland Cavaliers,1,Rocket Mortgage FieldHouse
3-Feb-20,7:00pm,1,Dallas Mavericks,Indiana Pacers,1,Bankers Life Fieldhouse
3-Feb-20,7:00pm,1,Golden State Warriors,Washington Wizards,1,Capital One Arena
3-Feb-20,7:30pm,1,Boston Celtics,Atlanta Hawks,1,State Farm Arena
3-Feb-20,7:30pm,0,Phoenix Suns,Brooklyn Nets,1,Barclays Center
3-Feb-20,7:30pm,1,Philadelphia 76ers,Miami Heat,1,American Airlines Arena
3-Feb-20,8:00pm,0,Detroit Pistons,Memphis Grizzlies,2,FedExForum
3-Feb-20,10:00pm,1,Minnesota Timberwolves,Sacramento Kings,1,Golden 1 Center
3-Feb-20,10:30pm,1,San Antonio Spurs,Los Angeles Clippers,1,Staples Center
4-Feb-20,7:30pm,1,Milwaukee Bucks,New Orleans Pelicans,1,Smoothie King Center
4-Feb-20,8:00pm,0,Charlotte Hornets,Houston Rockets,1,Toyota Center
4-Feb-20,10:00pm,2,Portland Trail Blazers,Denver Nuggets,1,Pepsi Center
4-Feb-20,10:30pm,0,San Antonio Spurs,Los Angeles Lakers,2,Staples Center
5-Feb-20,7:00pm,1,Phoenix Suns,Detroit Pistons,1,Little Caesars Arena
5-Feb-20,7:30pm,1,Orlando Magic,Boston Celtics,1,TD Garden
5-Feb-20,7:30pm,1,Golden State Warriors,Brooklyn Nets,1,Barclays Center
5-Feb-20,7:30pm,1,Indiana Pacers,Toronto Raptors,2,Scotiabank Arena
5-Feb-20,8:00pm,1,Atlanta Hawks,Minnesota Timberwolves,1,Target Center
5-Feb-20,8:00pm,1,Cleveland Cavaliers,Oklahoma City Thunder,4,Chesapeake Energy Arena
5-Feb-20,8:30pm,1,Memphis Grizzlies,Dallas Mavericks,1,American Airlines Center
5-Feb-20,10:00pm,0,Denver Nuggets,Utah Jazz,3,Vivint Smart Home Arena
5-Feb-20,10:30pm,1,Miami Heat,Los Angeles Clippers,1,Staples Center
6-Feb-20,7:30pm,0,Orlando Magic,New York Knicks,2,Madison Square Garden
6-Feb-20,8:00pm,1,New Orleans Pelicans,Chicago Bulls,3,United Center
6-Feb-20,8:00pm,2,Philadelphia 76ers,Milwaukee Bucks,1,Fiserv Forum
6-Feb-20,10:00pm,1,San Antonio Spurs,Portland Trail Blazers,1,Moda Center
6-Feb-20,10:30pm,1,Houston Rockets,Los Angeles Lakers,1,Staples Center
7-Feb-20,7:00pm,1,Memphis Grizzlies,Philadelphia 76ers,0,Wells Fargo Center
7-Feb-20,7:00pm,1,Dallas Mavericks,Washington Wizards,3,Capital One Arena
7-Feb-20,7:30pm,1,Atlanta Hawks,Boston Celtics,1,TD Garden
7-Feb-20,8:00pm,1,Toronto Raptors,Indiana Pacers,1,Bankers Life Fieldhouse
7-Feb-20,8:00pm,1,Detroit Pistons,Oklahoma City Thunder,1,Chesapeake Energy Arena
7-Feb-20,9:00pm,0,Houston Rockets,Phoenix Suns,1,Talking Stick Resort Arena
7-Feb-20,10:00pm,1,Miami Heat,Sacramento Kings,3,Golden 1 Center
7-Feb-20,10:30pm,0,Portland Trail Blazers,Utah Jazz,1,Vivint Smart Home Arena
8-Feb-20,5:00pm,1,Milwaukee Bucks,Orlando Magic,1,Amway Center
8-Feb-20,7:00pm,0,Dallas Mavericks,Charlotte Hornets,3,Spectrum Center
8-Feb-20,7:00pm,1,New York Knicks,Detroit Pistons,0,Little Caesars Arena
8-Feb-20,7:30pm,1,New Orleans Pelicans,Indiana Pacers,0,Bankers Life Fieldhouse
8-Feb-20,7:30pm,2,Brooklyn Nets,Toronto Raptors,0,Scotiabank Arena
8-Feb-20,8:00pm,2,Los Angeles Clippers,Minnesota Timberwolves,2,Target Center
8-Feb-20,8:30pm,1,Los Angeles Lakers,Golden State Warriors,2,Chase Center
8-Feb-20,9:00pm,2,Denver Nuggets,Phoenix Suns,0,Talking Stick Resort Arena
8-Feb-20,10:00pm,1,San Antonio Spurs,Sacramento Kings,0,Golden 1 Center
9-Feb-20,3:30pm,1,Boston Celtics,Oklahoma City Thunder,1,Chesapeake Energy Arena
9-Feb-20,6:00pm,0,New York Knicks,Atlanta Hawks,1,State Farm Arena
9-Feb-20,6:00pm,2,Chicago Bulls,Philadelphia 76ers,1,Wells Fargo Center
9-Feb-20,6:00pm,1,Memphis Grizzlies,Washington Wizards,1,Capital One Arena
9-Feb-20,7:00pm,1,Utah Jazz,Houston Rockets,1,Toyota Center
9-Feb-20,7:30pm,0,Los Angeles Clippers,Cleveland Cavaliers,3,Rocket Mortgage FieldHouse
9-Feb-20,9:00pm,1,Miami Heat,Portland Trail Blazers,1,Moda Center
10-Feb-20,7:00pm,1,Charlotte Hornets,Detroit Pistons,1,Little Caesars Arena
10-Feb-20,7:00pm,1,Brooklyn Nets,Indiana Pacers,1,Bankers Life Fieldhouse
10-Feb-20,7:00pm,0,Atlanta Hawks,Orlando Magic,1,Amway Center
10-Feb-20,7:30pm,1,Minnesota Timberwolves,Toronto Raptors,1,Scotiabank Arena
10-Feb-20,8:00pm,1,Sacramento Kings,Milwaukee Bucks,1,Fiserv Forum
10-Feb-20,8:30pm,0,Utah Jazz,Dallas Mavericks,1,American Airlines Center
10-Feb-20,9:00pm,1,San Antonio Spurs,Denver Nuggets,1,Pepsi Center
10-Feb-20,10:30pm,0,Miami Heat,Golden State Warriors,1,Chase Center
10-Feb-20,10:30pm,1,Phoenix Suns,Los Angeles Lakers,1,Staples Center
11-Feb-20,7:00pm,1,Los Angeles Clippers,Philadelphia 76ers,1,Wells Fargo Center
11-Feb-20,7:00pm,1,Chicago Bulls,Washington Wizards,1,Capital One Arena
11-Feb-20,8:00pm,1,Portland Trail Blazers,New Orleans Pelicans,2,Smoothie King Center
11-Feb-20,8:00pm,0,San Antonio Spurs,Oklahoma City Thunder,1,Chesapeake Energy Arena
11-Feb-20,9:30pm,1,Boston Celtics,Houston Rockets,1,Toyota Center
12-Feb-20,7:00pm,1,Atlanta Hawks,Cleveland Cavaliers,2,Rocket Mortgage FieldHouse
12-Feb-20,7:00pm,1,Detroit Pistons,Orlando Magic,1,Amway Center
12-Feb-20,7:30pm,1,Toronto Raptors,Brooklyn Nets,1,Barclays Center
12-Feb-20,7:30pm,1,Milwaukee Bucks,Indiana Pacers,1,Bankers Life Fieldhouse
12-Feb-20,7:30pm,0,Washington Wizards,New York Knicks,2,Madison Square Garden
12-Feb-20,8:00pm,0,Portland Trail Blazers,Memphis Grizzlies,2,FedExForum
12-Feb-20,8:00pm,1,Charlotte Hornets,Minnesota Timberwolves,1,Target Center
12-Feb-20,8:30pm,1,Sacramento Kings,Dallas Mavericks,1,American Airlines Center
12-Feb-20,9:00pm,1,Golden State Warriors,Phoenix Suns,1,Talking Stick Resort Arena
12-Feb-20,9:00pm,1,Miami Heat,Utah Jazz,1,Vivint Smart Home Arena
12-Feb-20,10:00pm,1,Los Angeles Lakers,Denver Nuggets,1,Pepsi Center
13-Feb-20,8:00pm,1,Los Angeles Clippers,Boston Celtics,1,TD Garden
13-Feb-20,8:00pm,1,Oklahoma City Thunder,New Orleans Pelicans,1,Smoothie King Center
20-Feb-20,7:00pm,7,Milwaukee Bucks,Detroit Pistons,7,Little Caesars Arena
20-Feb-20,7:30pm,7,Miami Heat,Atlanta Hawks,7,State Farm Arena
20-Feb-20,8:00pm,7,Charlotte Hornets,Chicago Bulls,8,United Center
20-Feb-20,8:00pm,7,Brooklyn Nets,Philadelphia 76ers,8,Wells Fargo Center
20-Feb-20,10:00pm,7,Memphis Grizzlies,Sacramento Kings,7,Golden 1 Center
20-Feb-20,10:30pm,8,Houston Rockets,Golden State Warriors,7,Chase Center
21-Feb-20,7:00pm,8,Dallas Mavericks,Orlando Magic,8,Amway Center
21-Feb-20,7:00pm,8,Cleveland Cavaliers,Washington Wizards,8,Capital One Arena
21-Feb-20,7:30pm,8,Indiana Pacers,New York Knicks,8,Madison Square Garden
21-Feb-20,7:30pm,8,Phoenix Suns,Toronto Raptors,8,Scotiabank Arena
21-Feb-20,8:00pm,7,Boston Celtics,Minnesota Timberwolves,8,Target Center
21-Feb-20,8:00pm,8,Denver Nuggets,Oklahoma City Thunder,7,Chesapeake Energy Arena
21-Feb-20,9:00pm,9,San Antonio Spurs,Utah Jazz,8,Vivint Smart Home Arena
21-Feb-20,10:30pm,0,Memphis Grizzlies,Los Angeles Lakers,8,Staples Center
21-Feb-20,10:30pm,7,New Orleans Pelicans,Portland Trail Blazers,8,Moda Center
22-Feb-20,3:30pm,1,Sacramento Kings,Los Angeles Clippers,8,Staples Center
22-Feb-20,7:00pm,1,Brooklyn Nets,Charlotte Hornets,1,Spectrum Center
22-Feb-20,7:30pm,0,Dallas Mavericks,Atlanta Hawks,1,State Farm Arena
22-Feb-20,8:00pm,0,Phoenix Suns,Chicago Bulls,1,United Center
22-Feb-20,8:00pm,0,Cleveland Cavaliers,Miami Heat,1,American Airlines Arena
22-Feb-20,8:30pm,1,Philadelphia 76ers,Milwaukee Bucks,1,Fiserv Forum
22-Feb-20,9:00pm,1,Houston Rockets,Utah Jazz,0,Vivint Smart Home Arena
23-Feb-20,3:30pm,1,Boston Celtics,Los Angeles Lakers,1,Staples Center
23-Feb-20,6:00pm,1,Minnesota Timberwolves,Denver Nuggets,1,Pepsi Center
23-Feb-20,6:00pm,1,Indiana Pacers,Toronto Raptors,1,Scotiabank Arena
23-Feb-20,7:00pm,1,Washington Wizards,Chicago Bulls,0,United Center
23-Feb-20,7:00pm,1,San Antonio Spurs,Oklahoma City Thunder,1,Chesapeake Energy Arena
23-Feb-20,8:30pm,1,New Orleans Pelicans,Golden State Warriors,2,Chase Center
23-Feb-20,9:00pm,2,Detroit Pistons,Portland Trail Blazers,1,Moda Center
24-Feb-20,7:00pm,1,Miami Heat,Cleveland Cavaliers,1,Rocket Mortgage FieldHouse
24-Feb-20,7:00pm,1,Atlanta Hawks,Philadelphia 76ers,1,Wells Fargo Center
24-Feb-20,7:00pm,1,Milwaukee Bucks,Washington Wizards,0,Capital One Arena
24-Feb-20,7:30pm,2,Orlando Magic,Brooklyn Nets,1,Barclays Center
24-Feb-20,8:00pm,2,New York Knicks,Houston Rockets,1,Toyota Center
24-Feb-20,8:30pm,0,Minnesota Timberwolves,Dallas Mavericks,1,American Airlines Center
24-Feb-20,9:00pm,1,Phoenix Suns,Utah Jazz,1,Vivint Smart Home Arena
24-Feb-20,10:30pm,2,Memphis Grizzlies,Los Angeles Clippers,1,Staples Center
25-Feb-20,7:00pm,2,Charlotte Hornets,Indiana Pacers,1,Bankers Life Fieldhouse
25-Feb-20,7:30pm,0,Milwaukee Bucks,Toronto Raptors,1,Scotiabank Arena
25-Feb-20,8:00pm,1,Oklahoma City Thunder,Chicago Bulls,1,United Center
25-Feb-20,9:00pm,1,Detroit Pistons,Denver Nuggets,1,Pepsi Center
25-Feb-20,10:00pm,1,New Orleans Pelicans,Los Angeles Lakers,1,Staples Center
25-Feb-20,10:00pm,1,Boston Celtics,Portland Trail Blazers,1,Moda Center
25-Feb-20,10:30pm,2,Sacramento Kings,Golden State Warriors,1,Chase Center
26-Feb-20,7:00pm,1,New York Knicks,Charlotte Hornets,0,Spectrum Center
26-Feb-20,7:00pm,1,Philadelphia 76ers,Cleveland Cavaliers,1,Rocket Mortgage FieldHouse
26-Feb-20,7:00pm,1,Brooklyn Nets,Washington Wizards,1,Capital One Arena
26-Feb-20,7:30pm,1,Orlando Magic,Atlanta Hawks,1,State Farm Arena
26-Feb-20,7:30pm,1,Minnesota Timberwolves,Miami Heat,1,American Airlines Arena
26-Feb-20,7:30pm,1,Dallas Mavericks,San Antonio Spurs,2,AT&T Center
26-Feb-20,8:00pm,1,Memphis Grizzlies,Houston Rockets,1,Toyota Center
26-Feb-20,9:00pm,1,Los Angeles Clippers,Phoenix Suns,1,Talking Stick Resort Arena
26-Feb-20,10:00pm,0,Boston Celtics,Utah Jazz,1,Vivint Smart Home Arena
27-Feb-20,7:00pm,0,New York Knicks,Philadelphia 76ers,0,Wells Fargo Center
27-Feb-20,8:00pm,1,Portland Trail Blazers,Indiana Pacers,1,Bankers Life Fieldhouse
27-Feb-20,8:00pm,1,Sacramento Kings,Oklahoma City Thunder,1,Chesapeake Energy Arena
27-Feb-20,10:30pm,1,Los Angeles Lakers,Golden State Warriors,1,Chase Center
28-Feb-20,7:00pm,1,Minnesota Timberwolves,Orlando Magic,1,Amway Center
28-Feb-20,7:30pm,1,Brooklyn Nets,Atlanta Hawks,1,State Farm Arena
28-Feb-20,7:30pm,1,Charlotte Hornets,Toronto Raptors,2,Scotiabank Arena
28-Feb-20,8:00pm,0,Sacramento Kings,Memphis Grizzlies,1,FedExForum
28-Feb-20,8:00pm,1,Dallas Mavericks,Miami Heat,1,American Airlines Arena
28-Feb-20,8:00pm,0,Oklahoma City Thunder,Milwaukee Bucks,2,Fiserv Forum
28-Feb-20,8:00pm,1,Cleveland Cavaliers,New Orleans Pelicans,2,Smoothie King Center
28-Feb-20,9:00pm,2,Detroit Pistons,Phoenix Suns,1,Talking Stick Resort Arena
28-Feb-20,9:00pm,1,Washington Wizards,Utah Jazz,1,Vivint Smart Home Arena
28-Feb-20,10:30pm,2,Denver Nuggets,Los Angeles Clippers,1,Staples Center
29-Feb-20,5:00pm,3,Chicago Bulls,New York Knicks,1,Madison Square Garden
29-Feb-20,7:30pm,1,Portland Trail Blazers,Atlanta Hawks,0,State Farm Arena
29-Feb-20,7:30pm,0,Brooklyn Nets,Miami Heat,0,American Airlines Arena
29-Feb-20,8:00pm,1,Indiana Pacers,Cleveland Cavaliers,0,Rocket Mortgage FieldHouse
29-Feb-20,8:00pm,1,Los Angeles Lakers,Memphis Grizzlies,0,FedExForum
29-Feb-20,8:30pm,2,Houston Rockets,Boston Celtics,2,TD Garden
29-Feb-20,8:30pm,0,Orlando Magic,San Antonio Spurs,2,AT&T Center
29-Feb-20,9:00pm,1,Golden State Warriors,Phoenix Suns,0,Talking Stick Resort Arena
1-Mar-20,1:00pm,1,Milwaukee Bucks,Charlotte Hornets,1,Spectrum Center
1-Mar-20,3:30pm,2,Philadelphia 76ers,Los Angeles Clippers,1,Staples Center
1-Mar-20,3:30pm,1,Dallas Mavericks,Minnesota Timberwolves,1,Target Center
1-Mar-20,6:00pm,1,Toronto Raptors,Denver Nuggets,1,Pepsi Center
1-Mar-20,6:00pm,1,Detroit Pistons,Sacramento Kings,1,Golden 1 Center
1-Mar-20,8:00pm,0,Los Angeles Lakers,New Orleans Pelicans,1,Smoothie King Center
1-Mar-20,8:30pm,1,Washington Wizards,Golden State Warriors,0,Chase Center
2-Mar-20,7:00pm,2,Utah Jazz,Cleveland Cavaliers,1,Rocket Mortgage FieldHouse
2-Mar-20,7:00pm,1,Houston Rockets,New York Knicks,1,Madison Square Garden
2-Mar-20,7:00pm,1,Portland Trail Blazers,Orlando Magic,1,Amway Center
2-Mar-20,7:30pm,1,Memphis Grizzlies,Atlanta Hawks,1,State Farm Arena
2-Mar-20,7:30pm,0,Milwaukee Bucks,Miami Heat,1,American Airlines Arena
2-Mar-20,8:00pm,0,Dallas Mavericks,Chicago Bulls,1,United Center
2-Mar-20,8:30pm,1,Indiana Pacers,San Antonio Spurs,1,AT&T Center
3-Mar-20,7:00pm,0,San Antonio Spurs,Charlotte Hornets,1,Spectrum Center
3-Mar-20,7:30pm,2,Brooklyn Nets,Boston Celtics,2,TD Garden
3-Mar-20,8:00pm,1,Minnesota Timberwolves,New Orleans Pelicans,1,Smoothie King Center
3-Mar-20,8:00pm,1,Los Angeles Clippers,Oklahoma City Thunder,3,Chesapeake Energy Arena
3-Mar-20,9:00pm,1,Golden State Warriors,Denver Nuggets,1,Pepsi Center
3-Mar-20,9:00pm,1,Toronto Raptors,Phoenix Suns,2,Talking Stick Resort Arena
3-Mar-20,10:00pm,1,Philadelphia 76ers,Los Angeles Lakers,1,Staples Center
3-Mar-20,10:00pm,1,Washington Wizards,Sacramento Kings,1,Golden 1 Center
4-Mar-20,7:00pm,0,Boston Celtics,Cleveland Cavaliers,1,Rocket Mortgage FieldHouse
4-Mar-20,7:00pm,0,Oklahoma City Thunder,Detroit Pistons,2,Little Caesars Arena
4-Mar-20,7:00pm,1,Orlando Magic,Miami Heat,1,American Airlines Arena
4-Mar-20,7:30pm,1,Memphis Grizzlies,Brooklyn Nets,0,Barclays Center
4-Mar-20,7:30pm,1,Utah Jazz,New York Knicks,1,Madison Square Garden
4-Mar-20,8:00pm,1,Chicago Bulls,Minnesota Timberwolves,0,Target Center
4-Mar-20,8:30pm,0,New Orleans Pelicans,Dallas Mavericks,1,American Airlines Center
4-Mar-20,9:30pm,1,Indiana Pacers,Milwaukee Bucks,1,Fiserv Forum
4-Mar-20,10:00pm,0,Washington Wizards,Portland Trail Blazers,1,Moda Center
5-Mar-20,7:00pm,1,Denver Nuggets,Charlotte Hornets,1,Spectrum Center
5-Mar-20,8:00pm,1,Los Angeles Clippers,Houston Rockets,2,Toyota Center
5-Mar-20,10:00pm,1,Philadelphia 76ers,Sacramento Kings,1,Golden 1 Center
5-Mar-20,10:30pm,1,Toronto Raptors,Golden State Warriors,1,Chase Center
6-Mar-20,7:00pm,3,Atlanta Hawks,Washington Wizards,1,Capital One Arena
6-Mar-20,7:30pm,2,San Antonio Spurs,Brooklyn Nets,1,Barclays Center
6-Mar-20,7:30pm,1,Oklahoma City Thunder,New York Knicks,1,Madison Square Garden
6-Mar-20,8:00pm,1,Utah Jazz,Boston Celtics,1,TD Garden
6-Mar-20,8:00pm,1,Indiana Pacers,Chicago Bulls,1,United Center
6-Mar-20,8:00pm,1,Orlando Magic,Minnesota Timberwolves,1,Target Center
6-Mar-20,8:00pm,1,Miami Heat,New Orleans Pelicans,1,Smoothie King Center
6-Mar-20,8:30pm,1,Memphis Grizzlies,Dallas Mavericks,1,American Airlines Center
6-Mar-20,9:00pm,1,Portland Trail Blazers,Phoenix Suns,2,Talking Stick Resort Arena
6-Mar-20,10:30pm,1,Milwaukee Bucks,Los Angeles Lakers,2,Staples Center
7-Mar-20,5:00pm,1,Houston Rockets,Charlotte Hornets,1,Spectrum Center
7-Mar-20,7:00pm,0,Utah Jazz,Detroit Pistons,2,Little Caesars Arena
7-Mar-20,7:30pm,1,Denver Nuggets,Cleveland Cavaliers,2,Rocket Mortgage FieldHouse
7-Mar-20,8:00pm,0,Atlanta Hawks,Memphis Grizzlies,0,FedExForum
7-Mar-20,8:30pm,1,Philadelphia 76ers,Golden State Warriors,1,Chase Center
7-Mar-20,10:00pm,1,Sacramento Kings,Portland Trail Blazers,0,Moda Center
8-Mar-20,3:00pm,1,Chicago Bulls,Brooklyn Nets,1,Barclays Center
8-Mar-20,3:30pm,1,Los Angeles Lakers,Los Angeles Clippers,2,Staples Center
8-Mar-20,3:30pm,1,New Orleans Pelicans,Minnesota Timberwolves,1,Target Center
8-Mar-20,6:00pm,1,Oklahoma City Thunder,Boston Celtics,1,TD Garden
8-Mar-20,6:00pm,1,Milwaukee Bucks,Phoenix Suns,1,Talking Stick Resort Arena
8-Mar-20,7:00pm,1,Indiana Pacers,Dallas Mavericks,1,American Airlines Center
8-Mar-20,7:00pm,1,Orlando Magic,Houston Rockets,0,Toyota Center
8-Mar-20,7:00pm,1,Miami Heat,Washington Wizards,1,Capital One Arena
8-Mar-20,7:30pm,1,San Antonio Spurs,Cleveland Cavaliers,0,Rocket Mortgage FieldHouse
8-Mar-20,7:30pm,0,Detroit Pistons,New York Knicks,1,Madison Square Garden
8-Mar-20,9:00pm,2,Toronto Raptors,Sacramento Kings,0,Golden 1 Center
9-Mar-20,7:30pm,1,Charlotte Hornets,Atlanta Hawks,1,State Farm Arena
9-Mar-20,9:00pm,0,Milwaukee Bucks,Denver Nuggets,1,Pepsi Center
9-Mar-20,9:00pm,0,Toronto Raptors,Utah Jazz,1,Vivint Smart Home Arena
10-Mar-20,7:00pm,1,Boston Celtics,Indiana Pacers,1,Bankers Life Fieldhouse
10-Mar-20,7:00pm,1,New York Knicks,Washington Wizards,1,Capital One Arena
10-Mar-20,8:00pm,1,Cleveland Cavaliers,Chicago Bulls,1,United Center
10-Mar-20,8:00pm,1,Minnesota Timberwolves,Houston Rockets,1,Toyota Center
10-Mar-20,8:00pm,1,Orlando Magic,Memphis Grizzlies,2,FedExForum
10-Mar-20,8:00pm,1,Dallas Mavericks,San Antonio Spurs,1,AT&T Center
10-Mar-20,10:00pm,1,Phoenix Suns,Portland Trail Blazers,2,Moda Center
10-Mar-20,10:30pm,1,Los Angeles Clippers,Golden State Warriors,2,Chase Center
10-Mar-20,10:30pm,1,Brooklyn Nets,Los Angeles Lakers,1,Staples Center
11-Mar-20,7:30pm,0,New York Knicks,Atlanta Hawks,1,State Farm Arena
11-Mar-20,7:30pm,1,Charlotte Hornets,Miami Heat,2,American Airlines Arena
11-Mar-20,7:30pm,2,Detroit Pistons,Philadelphia 76ers,3,Wells Fargo Center
11-Mar-20,8:00pm,1,Utah Jazz,Oklahoma City Thunder,2,Chesapeake Energy Arena
11-Mar-20,8:30pm,1,Denver Nuggets,Dallas Mavericks,0,American Airlines Center
11-Mar-20,10:00pm,2,New Orleans Pelicans,Sacramento Kings,2,Golden 1 Center
12-Mar-20,7:00pm,1,Chicago Bulls,Orlando Magic,1,Amway Center
12-Mar-20,8:00pm,1,Boston Celtics,Milwaukee Bucks,2,Fiserv Forum
12-Mar-20,10:00pm,1,Memphis Grizzlies,Portland Trail Blazers,1,Moda Center
12-Mar-20,10:30pm,1,Brooklyn Nets,Golden State Warriors,1,Chase Center
12-Mar-20,10:30pm,1,Houston Rockets,Los Angeles Lakers,1,Staples Center
13-Mar-20,7:00pm,2,Cleveland Cavaliers,Charlotte Hornets,1,Spectrum Center
13-Mar-20,7:30pm,2,Washington Wizards,Boston Celtics,0,TD Garden
13-Mar-20,8:00pm,1,New York Knicks,Miami Heat,1,American Airlines Arena
13-Mar-20,8:00pm,2,Minnesota Timberwolves,Oklahoma City Thunder,1,Chesapeake Energy Arena
13-Mar-20,8:30pm,1,Denver Nuggets,San Antonio Spurs,2,AT&T Center
13-Mar-20,9:00pm,1,New Orleans Pelicans,Utah Jazz,1,Vivint Smart Home Arena
13-Mar-20,10:30pm,0,Brooklyn Nets,Los Angeles Clippers,2,Staples Center
14-Mar-20,2:00pm,3,Phoenix Suns,Dallas Mavericks,2,American Airlines Center
14-Mar-20,7:30pm,0,Cleveland Cavaliers,Atlanta Hawks,2,State Farm Arena
14-Mar-20,7:30pm,3,Indiana Pacers,Philadelphia 76ers,2,Wells Fargo Center
14-Mar-20,7:30pm,2,Detroit Pistons,Toronto Raptors,4,Scotiabank Arena
14-Mar-20,8:00pm,1,Chicago Bulls,Miami Heat,0,American Airlines Arena
14-Mar-20,8:30pm,1,Golden State Warriors,Milwaukee Bucks,1,Fiserv Forum
14-Mar-20,8:30pm,0,Minnesota Timberwolves,San Antonio Spurs,0,AT&T Center
14-Mar-20,9:00pm,1,Memphis Grizzlies,Utah Jazz,0,Vivint Smart Home Arena
14-Mar-20,10:30pm,0,New Orleans Pelicans,Los Angeles Clippers,0,Staples Center
15-Mar-20,3:30pm,2,Houston Rockets,Portland Trail Blazers,2,Moda Center
15-Mar-20,6:00pm,1,Charlotte Hornets,Orlando Magic,2,Amway Center
15-Mar-20,6:00pm,1,Oklahoma City Thunder,Washington Wizards,1,Capital One Arena
15-Mar-20,8:00pm,1,Boston Celtics,Chicago Bulls,0,United Center
15-Mar-20,9:00pm,1,Denver Nuggets,Los Angeles Lakers,2,Staples Center
15-Mar-20,9:00pm,1,Brooklyn Nets,Sacramento Kings,3,Golden 1 Center
16-Mar-20,7:00pm,0,Washington Wizards,Philadelphia 76ers,1,Wells Fargo Center
16-Mar-20,8:00pm,1,Miami Heat,Milwaukee Bucks,1,Fiserv Forum
16-Mar-20,8:00pm,1,Atlanta Hawks,New Orleans Pelicans,1,Smoothie King Center
16-Mar-20,8:00pm,1,Golden State Warriors,Toronto Raptors,1,Scotiabank Arena
16-Mar-20,8:30pm,1,Memphis Grizzlies,San Antonio Spurs,1,AT&T Center
16-Mar-20,9:00pm,0,Los Angeles Lakers,Utah Jazz,1,Vivint Smart Home Arena
16-Mar-20,10:30pm,1,Dallas Mavericks,Los Angeles Clippers,1,Staples Center
17-Mar-20,7:00pm,1,Orlando Magic,Detroit Pistons,2,Little Caesars Arena
17-Mar-20,7:30pm,1,Charlotte Hornets,New York Knicks,3,Madison Square Garden
17-Mar-20,8:00pm,2,Cleveland Cavaliers,Houston Rockets,1,Toyota Center
17-Mar-20,8:00pm,1,Oklahoma City Thunder,Memphis Grizzlies,0,FedExForum
17-Mar-20,10:00pm,2,Minnesota Timberwolves,Portland Trail Blazers,1,Moda Center
17-Mar-20,10:00pm,0,Dallas Mavericks,Sacramento Kings,1,Golden 1 Center
18-Mar-20,7:00pm,1,Toronto Raptors,Philadelphia 76ers,1,Wells Fargo Center
18-Mar-20,7:30pm,0,Oklahoma City Thunder,Atlanta Hawks,1,State Farm Arena
18-Mar-20,7:30pm,0,New York Knicks,Boston Celtics,2,TD Garden
18-Mar-20,7:30pm,1,Washington Wizards,Brooklyn Nets,2,Barclays Center
18-Mar-20,7:30pm,1,Golden State Warriors,Indiana Pacers,3,Bankers Life Fieldhouse
18-Mar-20,8:00pm,1,Miami Heat,Chicago Bulls,2,United Center
18-Mar-20,8:00pm,1,San Antonio Spurs,New Orleans Pelicans,1,Smoothie King Center
18-Mar-20,9:00pm,1,Los Angeles Clippers,Denver Nuggets,2,Pepsi Center
18-Mar-20,10:00pm,1,Utah Jazz,Los Angeles Lakers,1,Staples Center
18-Mar-20,10:00pm,0,Minnesota Timberwolves,Phoenix Suns,3,Talking Stick Resort Arena
19-Mar-20,7:00pm,0,Philadelphia 76ers,Charlotte Hornets,1,Spectrum Center
19-Mar-20,7:00pm,1,Cleveland Cavaliers,Orlando Magic,1,Amway Center
19-Mar-20,8:00pm,1,Sacramento Kings,Houston Rockets,1,Toyota Center
19-Mar-20,8:00pm,1,Memphis Grizzlies,Milwaukee Bucks,2,Fiserv Forum
19-Mar-20,10:00pm,1,Dallas Mavericks,Portland Trail Blazers,1,Moda Center
20-Mar-20,7:00pm,1,Golden State Warriors,Detroit Pistons,2,Little Caesars Arena
20-Mar-20,7:00pm,1,Miami Heat,Indiana Pacers,1,Bankers Life Fieldhouse
20-Mar-20,7:30pm,1,Washington Wizards,Atlanta Hawks,1,State Farm Arena
20-Mar-20,7:30pm,1,Boston Celtics,Toronto Raptors,1,Scotiabank Arena
20-Mar-20,8:00pm,1,Denver Nuggets,Oklahoma City Thunder,1,Chesapeake Energy Arena
20-Mar-20,8:30pm,1,Chicago Bulls,San Antonio Spurs,1,AT&T Center
20-Mar-20,9:00pm,1,Minnesota Timberwolves,Utah Jazz,1,Vivint Smart Home Arena
20-Mar-20,10:30pm,1,Phoenix Suns,Los Angeles Clippers,1,Staples Center
21-Mar-20,6:00pm,0,Boston Celtics,Brooklyn Nets,2,Barclays Center
21-Mar-20,7:00pm,2,Los Angeles Lakers,Charlotte Hornets,1,Spectrum Center
21-Mar-20,7:00pm,1,Cleveland Cavaliers,Indiana Pacers,0,Bankers Life Fieldhouse
21-Mar-20,7:00pm,1,Sacramento Kings,Orlando Magic,1,Amway Center
21-Mar-20,7:00pm,0,Atlanta Hawks,Philadelphia 76ers,1,Wells Fargo Center
21-Mar-20,7:30pm,0,Golden State Warriors,New York Knicks,2,Madison Square Garden
21-Mar-20,8:00pm,0,Chicago Bulls,Houston Rockets,1,Toyota Center
21-Mar-20,8:00pm,2,New Orleans Pelicans,Memphis Grizzlies,1,FedExForum
21-Mar-20,8:00pm,1,Milwaukee Bucks,Washington Wizards,0,Capital One Arena
21-Mar-20,10:00pm,1,Dallas Mavericks,Phoenix Suns,0,Talking Stick Resort Arena
22-Mar-20,6:00pm,0,Los Angeles Lakers,Detroit Pistons,1,Little Caesars Arena
22-Mar-20,6:00pm,1,Denver Nuggets,Toronto Raptors,1,Scotiabank Arena
22-Mar-20,7:00pm,2,Portland Trail Blazers,Minnesota Timberwolves,1,Target Center
22-Mar-20,7:00pm,0,Sacramento Kings,New Orleans Pelicans,0,Smoothie King Center
22-Mar-20,7:00pm,1,Utah Jazz,San Antonio Spurs,1,AT&T Center
23-Mar-20,7:00pm,1,Phoenix Suns,Indiana Pacers,1,Bankers Life Fieldhouse
23-Mar-20,7:00pm,2,Los Angeles Clippers,New York Knicks,1,Madison Square Garden
23-Mar-20,7:00pm,1,Boston Celtics,Washington Wizards,1,Capital One Arena
23-Mar-20,7:30pm,1,Orlando Magic,Brooklyn Nets,1,Barclays Center
23-Mar-20,7:30pm,2,Oklahoma City Thunder,Miami Heat,2,American Airlines Arena
23-Mar-20,8:00pm,0,Denver Nuggets,Chicago Bulls,1,United Center
23-Mar-20,8:00pm,0,Detroit Pistons,Milwaukee Bucks,1,Fiserv Forum
23-Mar-20,8:30pm,1,Houston Rockets,Dallas Mavericks,1,American Airlines Center
24-Mar-20,7:00pm,1,Portland Trail Blazers,Charlotte Hornets,2,Spectrum Center
24-Mar-20,7:00pm,1,Sacramento Kings,Cleveland Cavaliers,2,Rocket Mortgage FieldHouse
24-Mar-20,7:30pm,1,Los Angeles Lakers,Toronto Raptors,1,Scotiabank Arena
24-Mar-20,8:00pm,2,Philadelphia 76ers,Minnesota Timberwolves,1,Target Center
24-Mar-20,8:00pm,2,Memphis Grizzlies,New Orleans Pelicans,1,Smoothie King Center
24-Mar-20,10:00pm,1,San Antonio Spurs,Utah Jazz,1,Vivint Smart Home Arena
25-Mar-20,7:00pm,1,Los Angeles Clippers,Brooklyn Nets,1,Barclays Center
25-Mar-20,7:00pm,0,Portland Trail Blazers,Detroit Pistons,1,Little Caesars Arena
25-Mar-20,7:00pm,1,Indiana Pacers,Orlando Magic,1,Amway Center
25-Mar-20,7:00pm,1,Phoenix Suns,Washington Wizards,1,Capital One Arena
25-Mar-20,7:30pm,1,Denver Nuggets,Miami Heat,1,American Airlines Arena
25-Mar-20,7:30pm,0,Toronto Raptors,New York Knicks,1,Madison Square Garden
25-Mar-20,8:00pm,1,Boston Celtics,Memphis Grizzlies,0,FedExForum
25-Mar-20,9:30pm,1,Houston Rockets,Milwaukee Bucks,1,Fiserv Forum
25-Mar-20,10:30pm,3,Atlanta Hawks,Golden State Warriors,3,Chase Center
26-Mar-20,7:00pm,1,Los Angeles Lakers,Cleveland Cavaliers,1,Rocket Mortgage FieldHouse
26-Mar-20,8:00pm,1,Philadelphia 76ers,Chicago Bulls,2,United Center
26-Mar-20,8:00pm,1,San Antonio Spurs,Minnesota Timberwolves,1,Target Center
26-Mar-20,8:00pm,1,Charlotte Hornets,Oklahoma City Thunder,2,Chesapeake Energy Arena
26-Mar-20,8:30pm,1,Utah Jazz,Dallas Mavericks,2,American Airlines Center
26-Mar-20,10:00pm,0,Atlanta Hawks,Sacramento Kings,1,Golden 1 Center
27-Mar-20,7:00pm,1,Los Angeles Clippers,Detroit Pistons,1,Little Caesars Arena
27-Mar-20,7:00pm,1,Houston Rockets,Indiana Pacers,1,Bankers Life Fieldhouse
27-Mar-20,7:00pm,1,Brooklyn Nets,Orlando Magic,1,Amway Center
27-Mar-20,7:00pm,1,Phoenix Suns,Philadelphia 76ers,0,Wells Fargo Center
27-Mar-20,7:30pm,1,Portland Trail Blazers,Boston Celtics,1,TD Garden
27-Mar-20,8:00pm,1,New York Knicks,New Orleans Pelicans,2,Smoothie King Center
27-Mar-20,8:30pm,1,Washington Wizards,Milwaukee Bucks,1,Fiserv Forum
27-Mar-20,9:00pm,0,San Antonio Spurs,Denver Nuggets,1,Pepsi Center
28-Mar-20,6:00pm,1,Cleveland Cavaliers,Brooklyn Nets,0,Barclays Center
28-Mar-20,7:00pm,0,Los Angeles Clippers,Charlotte Hornets,1,Spectrum Center
28-Mar-20,8:00pm,0,New York Knicks,Chicago Bulls,1,United Center
28-Mar-20,8:00pm,2,Toronto Raptors,Memphis Grizzlies,2,FedExForum
28-Mar-20,8:00pm,0,Phoenix Suns,Miami Heat,2,American Airlines Arena
28-Mar-20,8:00pm,1,Los Angeles Lakers,Washington Wizards,0,Capital One Arena
28-Mar-20,8:30pm,1,Oklahoma City Thunder,Golden State Warriors,2,Chase Center
28-Mar-20,9:00pm,1,Atlanta Hawks,Utah Jazz,1,Vivint Smart Home Arena
29-Mar-20,3:00pm,1,Milwaukee Bucks,Dallas Mavericks,2,American Airlines Center
29-Mar-20,5:00pm,1,Houston Rockets,Detroit Pistons,1,Little Caesars Arena
29-Mar-20,6:00pm,2,Minnesota Timberwolves,Boston Celtics,1,TD Garden
29-Mar-20,6:00pm,1,New Orleans Pelicans,Orlando Magic,1,Amway Center
29-Mar-20,7:30pm,1,Portland Trail Blazers,Philadelphia 76ers,1,Wells Fargo Center
29-Mar-20,8:30pm,1,San Antonio Spurs,Golden State Warriors,0,Chase Center
29-Mar-20,9:00pm,1,Indiana Pacers,Sacramento Kings,2,Golden 1 Center
30-Mar-20,7:00pm,1,Miami Heat,Charlotte Hornets,1,Spectrum Center
30-Mar-20,7:00pm,1,Phoenix Suns,Cleveland Cavaliers,1,Rocket Mortgage FieldHouse
30-Mar-20,7:30pm,0,Portland Trail Blazers,Brooklyn Nets,1,Barclays Center
30-Mar-20,7:30pm,1,Memphis Grizzlies,Toronto Raptors,1,Scotiabank Arena
30-Mar-20,8:00pm,1,Los Angeles Lakers,Minnesota Timberwolves,0,Target Center
30-Mar-20,9:00pm,1,Oklahoma City Thunder,Denver Nuggets,2,Pepsi Center
30-Mar-20,9:00pm,1,Chicago Bulls,Utah Jazz,1,Vivint Smart Home Arena
30-Mar-20,10:30pm,0,Indiana Pacers,Los Angeles Clippers,1,Staples Center
31-Mar-20,7:30pm,1,New Orleans Pelicans,Atlanta Hawks,2,State Farm Arena
31-Mar-20,7:30pm,1,Houston Rockets,Philadelphia 76ers,1,Wells Fargo Center
31-Mar-20,10:00pm,0,Denver Nuggets,Golden State Warriors,1,Chase Center
31-Mar-20,10:00pm,1,San Antonio Spurs,Sacramento Kings,1,Golden 1 Center
1-Apr-20,7:00pm,1,Charlotte Hornets,Orlando Magic,2,Amway Center
1-Apr-20,7:00pm,0,New Orleans Pelicans,Washington Wizards,3,Capital One Arena
1-Apr-20,7:30pm,1,Miami Heat,Boston Celtics,2,TD Garden
1-Apr-20,7:30pm,2,Detroit Pistons,Brooklyn Nets,1,Barclays Center
1-Apr-20,8:00pm,3,New York Knicks,Memphis Grizzlies,1,FedExForum
1-Apr-20,8:00pm,2,Dallas Mavericks,Minnesota Timberwolves,1,Target Center
1-Apr-20,8:00pm,1,Phoenix Suns,Oklahoma City Thunder,1,Chesapeake Energy Arena
1-Apr-20,9:00pm,1,Toronto Raptors,Milwaukee Bucks,2,Fiserv Forum
1-Apr-20,9:00pm,1,Cleveland Cavaliers,Utah Jazz,1,Vivint Smart Home Arena
1-Apr-20,10:30pm,1,Indiana Pacers,Los Angeles Lakers,1,Staples Center
2-Apr-20,8:00pm,1,Golden State Warriors,Houston Rockets,1,Toyota Center
2-Apr-20,10:00pm,2,Los Angeles Clippers,Sacramento Kings,1,Golden 1 Center
2-Apr-20,10:30pm,0,Utah Jazz,Portland Trail Blazers,2,Moda Center
3-Apr-20,7:00pm,1,Miami Heat,Detroit Pistons,1,Little Caesars Arena
3-Apr-20,7:00pm,1,Brooklyn Nets,Indiana Pacers,1,Bankers Life Fieldhouse
3-Apr-20,7:00pm,2,Philadelphia 76ers,Washington Wizards,1,Capital One Arena
3-Apr-20,7:30pm,1,Charlotte Hornets,Atlanta Hawks,2,State Farm Arena
3-Apr-20,7:30pm,1,Orlando Magic,Boston Celtics,1,TD Garden
3-Apr-20,7:30pm,1,Minnesota Timberwolves,New York Knicks,1,Madison Square Garden
3-Apr-20,7:30pm,1,Milwaukee Bucks,Toronto Raptors,1,Scotiabank Arena
3-Apr-20,8:00pm,1,Dallas Mavericks,Memphis Grizzlies,1,FedExForum
3-Apr-20,8:30pm,0,Golden State Warriors,San Antonio Spurs,2,AT&T Center
3-Apr-20,9:00pm,3,Chicago Bulls,Denver Nuggets,2,Pepsi Center
3-Apr-20,10:00pm,1,Cleveland Cavaliers,Phoenix Suns,1,Talking Stick Resort Arena
4-Apr-20,3:30pm,2,Oklahoma City Thunder,Los Angeles Clippers,1,Staples Center
4-Apr-20,10:00pm,2,Los Angeles Lakers,Sacramento Kings,1,Golden 1 Center
5-Apr-20,1:00pm,1,Atlanta Hawks,Charlotte Hornets,1,Spectrum Center
5-Apr-20,1:00pm,1,Orlando Magic,Philadelphia 76ers,1,Wells Fargo Center
5-Apr-20,3:30pm,1,Milwaukee Bucks,Boston Celtics,1,TD Garden
5-Apr-20,5:00pm,1,Washington Wizards,Indiana Pacers,1,Bankers Life Fieldhouse
5-Apr-20,5:00pm,1,Miami Heat,New York Knicks,1,Madison Square Garden
5-Apr-20,6:00pm,1,Dallas Mavericks,Brooklyn Nets,1,Barclays Center
5-Apr-20,6:00pm,2,Utah Jazz,Denver Nuggets,1,Pepsi Center
5-Apr-20,6:00pm,1,Chicago Bulls,Phoenix Suns,1,Talking Stick Resort Arena
5-Apr-20,7:00pm,1,Toronto Raptors,Houston Rockets,2,Toyota Center
5-Apr-20,7:00pm,1,Detroit Pistons,Minnesota Timberwolves,1,Target Center
5-Apr-20,7:00pm,3,New Orleans Pelicans,San Antonio Spurs,1,AT&T Center
5-Apr-20,9:00pm,1,Memphis Grizzlies,Portland Trail Blazers,2,Moda Center
5-Apr-20,9:00pm,1,Cleveland Cavaliers,Sacramento Kings,0,Golden 1 Center
5-Apr-20,9:30pm,0,Oklahoma City Thunder,Los Angeles Lakers,0,Staples Center
7-Apr-20,7:00pm,1,Toronto Raptors,Washington Wizards,1,Capital One Arena
7-Apr-20,7:30pm,1,Detroit Pistons,Atlanta Hawks,1,State Farm Arena
7-Apr-20,7:30pm,1,Indiana Pacers,Miami Heat,1,American Airlines Arena
7-Apr-20,7:30pm,1,Milwaukee Bucks,Philadelphia 76ers,1,Wells Fargo Center
7-Apr-20,8:00pm,1,Phoenix Suns,Minnesota Timberwolves,1,Target Center
7-Apr-20,8:00pm,1,Charlotte Hornets,New Orleans Pelicans,1,Smoothie King Center
7-Apr-20,8:00pm,1,Brooklyn Nets,Oklahoma City Thunder,1,Chesapeake Energy Arena
7-Apr-20,8:30pm,1,Houston Rockets,Dallas Mavericks,1,American Airlines Center
7-Apr-20,8:30pm,1,Sacramento Kings,San Antonio Spurs,1,AT&T Center
7-Apr-20,9:00pm,1,Memphis Grizzlies,Denver Nuggets,1,Pepsi Center
7-Apr-20,10:00pm,1,Cleveland Cavaliers,Portland Trail Blazers,1,Moda Center
7-Apr-20,10:00pm,2,Los Angeles Clippers,Utah Jazz,1,Vivint Smart Home Arena
7-Apr-20,10:30pm,1,Chicago Bulls,Los Angeles Lakers,1,Staples Center
8-Apr-20,7:00pm,0,Indiana Pacers,Boston Celtics,2,TD Garden
8-Apr-20,7:00pm,0,Toronto Raptors,Charlotte Hornets,0,Spectrum Center
8-Apr-20,7:30pm,2,Orlando Magic,New York Knicks,2,Madison Square Garden
8-Apr-20,9:30pm,0,San Antonio Spurs,Houston Rockets,0,Toyota Center
8-Apr-20,10:30pm,0,Cleveland Cavaliers,Golden State Warriors,4,Chase Center
8-Apr-20,10:30pm,0,Chicago Bulls,Los Angeles Clippers,0,Staples Center
9-Apr-20,7:30pm,1,Detroit Pistons,Miami Heat,1,American Airlines Arena
9-Apr-20,8:00pm,1,Brooklyn Nets,Milwaukee Bucks,1,Fiserv Forum
9-Apr-20,8:00pm,1,Sacramento Kings,Minnesota Timberwolves,1,Target Center
9-Apr-20,8:00pm,1,Phoenix Suns,New Orleans Pelicans,1,Smoothie King Center
9-Apr-20,10:00pm,1,Denver Nuggets,Portland Trail Blazers,1,Moda Center
9-Apr-20,10:30pm,0,Golden State Warriors,Los Angeles Lakers,1,Staples Center
10-Apr-20,7:00pm,1,Boston Celtics,Orlando Magic,1,Amway Center
10-Apr-20,7:30pm,2,Atlanta Hawks,Toronto Raptors,1,Scotiabank Arena
10-Apr-20,8:00pm,2,Washington Wizards,Houston Rockets,1,Toyota Center
10-Apr-20,8:00pm,1,New York Knicks,Oklahoma City Thunder,2,Chesapeake Energy Arena
10-Apr-20,8:30pm,2,Philadelphia 76ers,San Antonio Spurs,1,AT&T Center
11-Apr-20,3:00pm,1,Detroit Pistons,Dallas Mavericks,3,American Airlines Center
11-Apr-20,7:00pm,0,Washington Wizards,Charlotte Hornets,2,Spectrum Center
11-Apr-20,7:00pm,0,Orlando Magic,Indiana Pacers,2,Bankers Life Fieldhouse
11-Apr-20,7:00pm,0,Philadelphia 76ers,New Orleans Pelicans,1,Smoothie King Center
11-Apr-20,7:30pm,1,Milwaukee Bucks,Cleveland Cavaliers,2,Rocket Mortgage FieldHouse
11-Apr-20,8:00pm,1,Brooklyn Nets,Chicago Bulls,2,United Center
11-Apr-20,8:00pm,0,Oklahoma City Thunder,Memphis Grizzlies,3,FedExForum
11-Apr-20,8:00pm,0,Boston Celtics,Miami Heat,1,American Airlines Arena
11-Apr-20,8:30pm,1,Golden State Warriors,Los Angeles Clippers,2,Staples Center
11-Apr-20,9:00pm,1,Sacramento Kings,Denver Nuggets,1,Pepsi Center
11-Apr-20,10:00pm,3,Utah Jazz,Phoenix Suns,1,Talking Stick Resort Arena
12-Apr-20,3:30pm,1,Houston Rockets,San Antonio Spurs,1,AT&T Center
12-Apr-20,6:00pm,1,New York Knicks,Toronto Raptors,1,Scotiabank Arena
12-Apr-20,7:00pm,1,Atlanta Hawks,Milwaukee Bucks,0,Fiserv Forum
12-Apr-20,9:30pm,2,Minnesota Timberwolves,Los Angeles Lakers,2,Staples Center
13-Apr-20,7:00pm,1,Miami Heat,Charlotte Hornets,1,Spectrum Center
13-Apr-20,7:00pm,1,Brooklyn Nets,Cleveland Cavaliers,1,Rocket Mortgage FieldHouse
13-Apr-20,7:00pm,1,Boston Celtics,Detroit Pistons,1,Little Caesars Arena
13-Apr-20,7:00pm,0,San Antonio Spurs,Indiana Pacers,1,Bankers Life Fieldhouse
13-Apr-20,8:00pm,1,Orlando Magic,Chicago Bulls,1,United Center
13-Apr-20,8:00pm,1,Phoenix Suns,Houston Rockets,0,Toyota Center
13-Apr-20,8:00pm,1,Philadelphia 76ers,Memphis Grizzlies,1,FedExForum
13-Apr-20,8:00pm,1,Washington Wizards,New Orleans Pelicans,1,Smoothie King Center
13-Apr-20,8:00pm,1,Utah Jazz,Oklahoma City Thunder,1,Chesapeake Energy Arena
13-Apr-20,9:00pm,1,Dallas Mavericks,Denver Nuggets,1,Pepsi Center
13-Apr-20,10:30pm,3,Portland Trail Blazers,Golden State Warriors,1,Chase Center
13-Apr-20,10:30pm,0,Minnesota Timberwolves,Los Angeles Clippers,1,Staples Center
14-Apr-20,7:30pm,1,Toronto Raptors,Miami Heat,0,American Airlines Arena
14-Apr-20,7:30pm,0,Detroit Pistons,New York Knicks,1,Madison Square Garden
14-Apr-20,10:00pm,0,Denver Nuggets,Utah Jazz,0,Vivint Smart Home Arena
14-Apr-20,10:30pm,2,Sacramento Kings,Los Angeles Lakers,1,Staples Center
15-Apr-20,7:30pm,1,Cleveland Cavaliers,Atlanta Hawks,2,State Farm Arena
15-Apr-20,7:30pm,1,Chicago Bulls,Boston Celtics,1,TD Garden
15-Apr-20,7:30pm,2,Milwaukee Bucks,Brooklyn Nets,1,Barclays Center
15-Apr-20,7:30pm,1,Oklahoma City Thunder,Dallas Mavericks,1,American Airlines Center
15-Apr-20,7:30pm,1,Memphis Grizzlies,Houston Rockets,1,Toyota Center
15-Apr-20,7:30pm,0,New York Knicks,Minnesota Timberwolves,1,Target Center
15-Apr-20,7:30pm,0,Toronto Raptors,Orlando Magic,1,Amway Center
15-Apr-20,7:30pm,1,Charlotte Hornets,Philadelphia 76ers,1,Wells Fargo Center
15-Apr-20,7:30pm,1,New Orleans Pelicans,San Antonio Spurs,1,AT&T Center
15-Apr-20,7:30pm,1,Indiana Pacers,Washington Wizards,1,Capital One Arena
15-Apr-20,10:00pm,0,Los Angeles Lakers,Phoenix Suns,1,Talking Stick Resort Arena
15-Apr-20,10:00pm,1,Los Angeles Clippers,Portland Trail Blazers,1,Moda Center
15-Apr-20,10:00pm,1,Golden State Warriors,Sacramento Kings,0,Golden 1 Center
